Domain,Host,Process,AgentName,Resource,MetricName,Record_Type,Period,Intended_End_Timestamp,Actual_Start_Timestamp,Actual_End_Timestamp,Count,Type,Value,Min,Max,String_Value
SuperDomain,hcbiwp01,SAP HostAgent Process,SAP HostAgent SMDA97,SAP OsCol|Memory,FreeSwap (KB),?,1440,2013-06-26 11:00:00.0,2013-06-26 11:00:00.0,2013-06-26 11:24:00.0,188,1025,58971886,58840440,59025732,58971886
SuperDomain,hcbiwp10,SAP HostAgent Process,SAP HostAgent SMDA97,SAP OsCol|Memory,FreeSwap (KB),?,1440,2013-06-26 11:00:00.0,2013-06-26 11:00:00.0,2013-06-26 11:24:00.0,188,1025,53663622,51536408,54785396,53663622
SuperDomain,hcbiwp11,SAP HostAgent Process,SAP HostAgent SMDA98,SAP OsCol|Memory,FreeSwap (KB),?,1440,2013-06-26 11:00:00.0,2013-06-26 11:00:00.0,2013-06-26 11:24:00.0,188,1025,23992512,21948604,24910964,23992512
SuperDomain,hcbiwp00,SAP HostAgent Process,SAP HostAgent SMDA98,SAP OsCol|Memory,FreeSwap (KB),?,1440,2013-06-26 11:00:00.0,2013-06-26 11:00:00.0,2013-06-26 11:24:00.0,189,1025,52253013,48705968,54271196,52253013
SuperDomain,hcbiwp12,SAP HostAgent Process,SAP HostAgent SMDA98,SAP OsCol|Memory,FreeSwap (KB),?,1440,2013-06-26 11:00:00.0,2013-06-26 11:00:00.0,2013-06-26 11:24:00.0,190,1025,55328665,54670256,55856956,55328665
SuperDomain,hcbiwp13,SAP HostAgent Process,SAP HostAgent SMDA98,SAP OsCol|Memory,FreeSwap (KB),?,1440,2013-06-26 11:00:00.0,2013-06-26 11:00:00.0,2013-06-26 11:24:00.0,188,1025,54975410,53153488,55995616,54975410
SuperDomain,hcbiwp01,SAP HostAgent Process,SAP HostAgent SMDA97,SAP OsCol|Memory,FreeSwap (KB),?,1440,2013-06-26 11:24:00.0,2013-06-26 11:24:00.0,2013-06-26 11:48:00.0,191,1025,59043696,59014248,59060588,59043696
SuperDomain,hcbiwp10,SAP HostAgent Process,SAP HostAgent SMDA97,SAP OsCol|Memory,FreeSwap (KB),?,1440,2013-06-26 11:24:00.0,2013-06-26 11:24:00.0,2013-06-26 11:48:00.0,190,1025,51734864,50401296,53238816,51734864
SuperDomain,hcbiwp11,SAP HostAgent Process,SAP HostAgent SMDA98,SAP OsCol|Memory,FreeSwap (KB),?,1440,2013-06-26 11:24:00.0,2013-06-26 11:24:00.0,2013-06-26 11:48:00.0,189,1025,24376428,22045164,25417884,24376428
SuperDomain,hcbiwp00,SAP HostAgent Process,SAP HostAgent SMDA98,SAP OsCol|Memory,FreeSwap (KB),?,1440,2013-06-26 11:24:00.0,2013-06-26 11:24:00.0,2013-06-26 11:48:00.0,189,1025,49882727,45109732,52910440,49882727
SuperDomain,hcbiwp12,SAP HostAgent Process,SAP HostAgent SMDA98,SAP OsCol|Memory,FreeSwap (KB),?,1440,2013-06-26 11:24:00.0,2013-06-26 11:24:00.0,2013-06-26 11:48:00.0,190,1025,55243551,54387820,55915996,55243551
SuperDomain,hcbiwp13,SAP HostAgent Process,SAP HostAgent SMDA98,SAP OsCol|Memory,FreeSwap (KB),?,1440,2013-06-26 11:24:00.0,2013-06-26 11:24:00.0,2013-06-26 11:48:00.0,190,1025,55588494,54463696,56212920,55588494
SuperDomain,hcbiwp01,SAP HostAgent Process,SAP HostAgent SMDA97,SAP OsCol|Memory,FreeSwap (KB),?,1440,2013-06-26 11:48:00.0,2013-06-26 11:48:00.0,2013-06-26 12:12:00.0,188,1025,59039676,58989152,59060480,59039676
SuperDomain,hcbiwp10,SAP HostAgent Process,SAP HostAgent SMDA97,SAP OsCol|Memory,FreeSwap (KB),?,1440,2013-06-26 11:48:00.0,2013-06-26 11:48:00.0,2013-06-26 12:12:00.0,190,1025,51012662,50314584,51452936,51012662
SuperDomain,hcbiwp11,SAP HostAgent Process,SAP HostAgent SMDA98,SAP OsCol|Memory,FreeSwap (KB),?,1440,2013-06-26 11:48:00.0,2013-06-26 11:48:00.0,2013-06-26 12:12:00.0,190,1025,23978205,21529776,25097000,23978205
SuperDomain,hcbiwp00,SAP HostAgent Process,SAP HostAgent SMDA98,SAP OsCol|Memory,FreeSwap (KB),?,1440,2013-06-26 11:48:00.0,2013-06-26 11:48:00.0,2013-06-26 12:12:00.0,192,1025,56545429,51934924,57750668,56545429
SuperDomain,hcbiwp12,SAP HostAgent Process,SAP HostAgent SMDA98,SAP OsCol|Memory,FreeSwap (KB),?,1440,2013-06-26 11:48:00.0,2013-06-26 11:48:00.0,2013-06-26 12:12:00.0,188,1025,54619575,53145600,56661388,54619575
SuperDomain,hcbiwp13,SAP HostAgent Process,SAP HostAgent SMDA98,SAP OsCol|Memory,FreeSwap (KB),?,1440,2013-06-26 11:48:00.0,2013-06-26 11:48:00.0,2013-06-26 12:12:00.0,191,1025,55469279,53355748,56110988,55469279
SuperDomain,hcbiwp01,SAP HostAgent Process,SAP HostAgent SMDA97,SAP OsCol|Memory,FreeSwap (KB),?,1440,2013-06-26 12:12:00.0,2013-06-26 12:12:00.0,2013-06-26 12:36:00.0,191,1025,58996194,58888836,59041652,58996194
SuperDomain,hcbiwp10,SAP HostAgent Process,SAP HostAgent SMDA97,SAP OsCol|Memory,FreeSwap (KB),?,1440,2013-06-26 12:12:00.0,2013-06-26 12:12:00.0,2013-06-26 12:36:00.0,190,1025,51280774,48661644,55615744,51280774
SuperDomain,hcbiwp11,SAP HostAgent Process,SAP HostAgent SMDA98,SAP OsCol|Memory,FreeSwap (KB),?,1440,2013-06-26 12:12:00.0,2013-06-26 12:12:00.0,2013-06-26 12:36:00.0,190,1025,24212457,19247116,31791616,24212457
SuperDomain,hcbiwp00,SAP HostAgent Process,SAP HostAgent SMDA98,SAP OsCol|Memory,FreeSwap (KB),?,1440,2013-06-26 12:12:00.0,2013-06-26 12:12:00.0,2013-06-26 12:36:00.0,189,1025,57801680,57270864,58835076,57801680
SuperDomain,hcbiwp12,SAP HostAgent Process,SAP HostAgent SMDA98,SAP OsCol|Memory,FreeSwap (KB),?,1440,2013-06-26 12:12:00.0,2013-06-26 12:12:00.0,2013-06-26 12:36:00.0,191,1025,50714294,47989908,53145600,50714294
SuperDomain,hcbiwp13,SAP HostAgent Process,SAP HostAgent SMDA98,SAP OsCol|Memory,FreeSwap (KB),?,1440,2013-06-26 12:12:00.0,2013-06-26 12:12:00.0,2013-06-26 12:36:00.0,188,1025,53465833,52051684,56093156,53465833
SuperDomain,hcbiwp01,SAP HostAgent Process,SAP HostAgent SMDA97,SAP OsCol|Memory,FreeSwap (KB),?,1440,2013-06-26 12:36:00.0,2013-06-26 12:36:00.0,2013-06-26 13:00:00.0,189,1025,59033020,59000628,59039720,59033020
SuperDomain,hcbiwp10,SAP HostAgent Process,SAP HostAgent SMDA97,SAP OsCol|Memory,FreeSwap (KB),?,1440,2013-06-26 12:36:00.0,2013-06-26 12:36:00.0,2013-06-26 13:00:00.0,189,1025,53257416,51746668,55084508,53257416
SuperDomain,hcbiwp11,SAP HostAgent Process,SAP HostAgent SMDA98,SAP OsCol|Memory,FreeSwap (KB),?,1440,2013-06-26 12:36:00.0,2013-06-26 12:36:00.0,2013-06-26 13:00:00.0,188,1025,31832716,31575292,31994404,31832716
SuperDomain,hcbiwp00,SAP HostAgent Process,SAP HostAgent SMDA98,SAP OsCol|Memory,FreeSwap (KB),?,1440,2013-06-26 12:36:00.0,2013-06-26 12:36:00.0,2013-06-26 13:00:00.0,190,1025,57261513,56578524,58104260,57261513
SuperDomain,hcbiwp12,SAP HostAgent Process,SAP HostAgent SMDA98,SAP OsCol|Memory,FreeSwap (KB),?,1440,2013-06-26 12:36:00.0,2013-06-26 12:36:00.0,2013-06-26 13:00:00.0,189,1025,49435592,44271552,52665724,49435592
SuperDomain,hcbiwp13,SAP HostAgent Process,SAP HostAgent SMDA98,SAP OsCol|Memory,FreeSwap (KB),?,1440,2013-06-26 12:36:00.0,2013-06-26 12:36:00.0,2013-06-26 13:00:00.0,190,1025,55683842,54464328,56796056,55683842
SuperDomain,hcbiwp01,SAP HostAgent Process,SAP HostAgent SMDA97,SAP OsCol|Memory,FreeSwap (KB),?,1440,2013-06-26 13:00:00.0,2013-06-26 13:00:00.0,2013-06-26 13:24:00.0,189,1025,58980118,58877772,59037652,58980118
SuperDomain,hcbiwp10,SAP HostAgent Process,SAP HostAgent SMDA97,SAP OsCol|Memory,FreeSwap (KB),?,1440,2013-06-26 13:00:00.0,2013-06-26 13:00:00.0,2013-06-26 13:24:00.0,192,1025,51073284,50202440,52282004,51073284
SuperDomain,hcbiwp11,SAP HostAgent Process,SAP HostAgent SMDA98,SAP OsCol|Memory,FreeSwap (KB),?,1440,2013-06-26 13:00:00.0,2013-06-26 13:00:00.0,2013-06-26 13:24:00.0,191,1025,31040060,29961348,31837368,31040060
SuperDomain,hcbiwp00,SAP HostAgent Process,SAP HostAgent SMDA98,SAP OsCol|Memory,FreeSwap (KB),?,1440,2013-06-26 13:00:00.0,2013-06-26 13:00:00.0,2013-06-26 13:24:00.0,189,1025,57304698,56715028,58413332,57304698
SuperDomain,hcbiwp12,SAP HostAgent Process,SAP HostAgent SMDA98,SAP OsCol|Memory,FreeSwap (KB),?,1440,2013-06-26 13:00:00.0,2013-06-26 13:00:00.0,2013-06-26 13:24:00.0,190,1025,50557341,42820868,53061144,50557341
SuperDomain,hcbiwp13,SAP HostAgent Process,SAP HostAgent SMDA98,SAP OsCol|Memory,FreeSwap (KB),?,1440,2013-06-26 13:00:00.0,2013-06-26 13:00:00.0,2013-06-26 13:24:00.0,191,1025,54306555,53579648,55930280,54306555
SuperDomain,hcbiwp01,SAP HostAgent Process,SAP HostAgent SMDA97,SAP OsCol|Memory,FreeSwap (KB),?,1440,2013-06-26 13:24:00.0,2013-06-26 13:24:00.0,2013-06-26 13:48:00.0,190,1025,58998440,58951532,59030680,58998440
SuperDomain,hcbiwp10,SAP HostAgent Process,SAP HostAgent SMDA97,SAP OsCol|Memory,FreeSwap (KB),?,1440,2013-06-26 13:24:00.0,2013-06-26 13:24:00.0,2013-06-26 13:48:00.0,190,1025,48365118,47822992,50209964,48365118
SuperDomain,hcbiwp11,SAP HostAgent Process,SAP HostAgent SMDA98,SAP OsCol|Memory,FreeSwap (KB),?,1440,2013-06-26 13:24:00.0,2013-06-26 13:24:00.0,2013-06-26 13:48:00.0,189,1025,31141025,30924628,31211520,31141025
SuperDomain,hcbiwp00,SAP HostAgent Process,SAP HostAgent SMDA98,SAP OsCol|Memory,FreeSwap (KB),?,1440,2013-06-26 13:24:00.0,2013-06-26 13:24:00.0,2013-06-26 13:48:00.0,191,1025,59276766,58143336,59741148,59276766
SuperDomain,hcbiwp12,SAP HostAgent Process,SAP HostAgent SMDA98,SAP OsCol|Memory,FreeSwap (KB),?,1440,2013-06-26 13:24:00.0,2013-06-26 13:24:00.0,2013-06-26 13:48:00.0,191,1025,51462549,50894624,53010160,51462549
SuperDomain,hcbiwp13,SAP HostAgent Process,SAP HostAgent SMDA98,SAP OsCol|Memory,FreeSwap (KB),?,1440,2013-06-26 13:24:00.0,2013-06-26 13:24:00.0,2013-06-26 13:48:00.0,190,1025,51313696,50700684,54180008,51313696
SuperDomain,hcbiwp01,SAP HostAgent Process,SAP HostAgent SMDA97,SAP OsCol|Memory,FreeSwap (KB),?,1440,2013-06-26 13:48:00.0,2013-06-26 13:48:00.0,2013-06-26 14:12:00.0,191,1025,58991218,58978748,59005456,58991218
SuperDomain,hcbiwp10,SAP HostAgent Process,SAP HostAgent SMDA97,SAP OsCol|Memory,FreeSwap (KB),?,1440,2013-06-26 13:48:00.0,2013-06-26 13:48:00.0,2013-06-26 14:12:00.0,190,1025,48093788,47777288,48404720,48093788
SuperDomain,hcbiwp11,SAP HostAgent Process,SAP HostAgent SMDA98,SAP OsCol|Memory,FreeSwap (KB),?,1440,2013-06-26 13:48:00.0,2013-06-26 13:48:00.0,2013-06-26 14:12:00.0,189,1025,31209966,30828596,31538852,31209966
SuperDomain,hcbiwp00,SAP HostAgent Process,SAP HostAgent SMDA98,SAP OsCol|Memory,FreeSwap (KB),?,1440,2013-06-26 13:48:00.0,2013-06-26 13:48:00.0,2013-06-26 14:12:00.0,190,1025,59464891,59169052,59832288,59464891
SuperDomain,hcbiwp12,SAP HostAgent Process,SAP HostAgent SMDA98,SAP OsCol|Memory,FreeSwap (KB),?,1440,2013-06-26 13:48:00.0,2013-06-26 13:48:00.0,2013-06-26 14:12:00.0,190,1025,50845605,50684208,51547324,50845605
SuperDomain,hcbiwp13,SAP HostAgent Process,SAP HostAgent SMDA98,SAP OsCol|Memory,FreeSwap (KB),?,1440,2013-06-26 13:48:00.0,2013-06-26 13:48:00.0,2013-06-26 14:12:00.0,189,1025,50727854,50283608,51280132,50727854
SuperDomain,hcbiwp01,SAP HostAgent Process,SAP HostAgent SMDA97,SAP OsCol|Memory,FreeSwap (KB),?,1440,2013-06-26 14:12:00.0,2013-06-26 14:12:00.0,2013-06-26 14:36:00.0,188,1025,58919301,58858760,59007188,58919301
SuperDomain,hcbiwp10,SAP HostAgent Process,SAP HostAgent SMDA97,SAP OsCol|Memory,FreeSwap (KB),?,1440,2013-06-26 14:12:00.0,2013-06-26 14:12:00.0,2013-06-26 14:36:00.0,190,1025,48375683,48257424,48398056,48375683
SuperDomain,hcbiwp11,SAP HostAgent Process,SAP HostAgent SMDA98,SAP OsCol|Memory,FreeSwap (KB),?,1440,2013-06-26 14:12:00.0,2013-06-26 14:12:00.0,2013-06-26 14:36:00.0,191,1025,31535673,31522628,31552148,31535673
SuperDomain,hcbiwp00,SAP HostAgent Process,SAP HostAgent SMDA98,SAP OsCol|Memory,FreeSwap (KB),?,1440,2013-06-26 14:12:00.0,2013-06-26 14:12:00.0,2013-06-26 14:36:00.0,188,1025,59835123,59809236,59859320,59835123
SuperDomain,hcbiwp12,SAP HostAgent Process,SAP HostAgent SMDA98,SAP OsCol|Memory,FreeSwap (KB),?,1440,2013-06-26 14:12:00.0,2013-06-26 14:12:00.0,2013-06-26 14:36:00.0,189,1025,51536197,51173132,51557632,51536197
SuperDomain,hcbiwp13,SAP HostAgent Process,SAP HostAgent SMDA98,SAP OsCol|Memory,FreeSwap (KB),?,1440,2013-06-26 14:12:00.0,2013-06-26 14:12:00.0,2013-06-26 14:36:00.0,190,1025,51261042,51173104,51280492,51261042
SuperDomain,hcbiwp01,SAP HostAgent Process,SAP HostAgent SMDA97,SAP OsCol|Memory,FreeSwap (KB),?,1440,2013-06-26 14:36:00.0,2013-06-26 14:36:00.0,2013-06-26 15:00:00.0,191,1025,59005870,58985660,59013272,59005870
SuperDomain,hcbiwp10,SAP HostAgent Process,SAP HostAgent SMDA97,SAP OsCol|Memory,FreeSwap (KB),?,1440,2013-06-26 14:36:00.0,2013-06-26 14:36:00.0,2013-06-26 15:00:00.0,191,1025,48327458,47866192,54820468,48327458
SuperDomain,hcbiwp11,SAP HostAgent Process,SAP HostAgent SMDA98,SAP OsCol|Memory,FreeSwap (KB),?,1440,2013-06-26 14:36:00.0,2013-06-26 14:36:00.0,2013-06-26 15:00:00.0,189,1025,38804414,31408624,50601276,38804414
SuperDomain,hcbiwp00,SAP HostAgent Process,SAP HostAgent SMDA98,SAP OsCol|Memory,FreeSwap (KB),?,1440,2013-06-26 14:36:00.0,2013-06-26 14:36:00.0,2013-06-26 15:00:00.0,191,1025,59496501,59281100,59817432,59496501
SuperDomain,hcbiwp12,SAP HostAgent Process,SAP HostAgent SMDA98,SAP OsCol|Memory,FreeSwap (KB),?,1440,2013-06-26 14:36:00.0,2013-06-26 14:36:00.0,2013-06-26 15:00:00.0,191,1025,51287563,51045972,51569700,51287563
SuperDomain,hcbiwp13,SAP HostAgent Process,SAP HostAgent SMDA98,SAP OsCol|Memory,FreeSwap (KB),?,1440,2013-06-26 14:36:00.0,2013-06-26 14:36:00.0,2013-06-26 15:00:00.0,192,1025,51294673,50642324,52182236,51294673
SuperDomain,hcbiwp01,SAP HostAgent Process,SAP HostAgent SMDA97,SAP OsCol|Memory,FreeSwap (KB),?,1440,2013-06-26 15:00:00.0,2013-06-26 15:00:00.0,2013-06-26 15:24:00.0,188,1025,88878572,58955972,113718564,88878572
SuperDomain,hcbiwp10,SAP HostAgent Process,SAP HostAgent SMDA97,SAP OsCol|Memory,FreeSwap (KB),?,1440,2013-06-26 15:00:00.0,2013-06-26 15:00:00.0,2013-06-26 15:24:00.0,190,1025,58913822,54820468,59753096,58913822
SuperDomain,hcbiwp11,SAP HostAgent Process,SAP HostAgent SMDA98,SAP OsCol|Memory,FreeSwap (KB),?,1440,2013-06-26 15:00:00.0,2013-06-26 15:00:00.0,2013-06-26 15:24:00.0,189,1025,54025106,50511336,54835868,54025106
SuperDomain,hcbiwp00,SAP HostAgent Process,SAP HostAgent SMDA98,SAP OsCol|Memory,FreeSwap (KB),?,1440,2013-06-26 15:00:00.0,2013-06-26 15:00:00.0,2013-06-26 15:24:00.0,190,1025,60028171,59406688,60283404,60028171
SuperDomain,hcbiwp12,SAP HostAgent Process,SAP HostAgent SMDA98,SAP OsCol|Memory,FreeSwap (KB),?,1440,2013-06-26 15:00:00.0,2013-06-26 15:00:00.0,2013-06-26 15:24:00.0,191,1025,51869550,51594716,52221852,51869550
SuperDomain,hcbiwp13,SAP HostAgent Process,SAP HostAgent SMDA98,SAP OsCol|Memory,FreeSwap (KB),?,1440,2013-06-26 15:00:00.0,2013-06-26 15:00:00.0,2013-06-26 15:24:00.0,189,1025,52227209,51913740,52603796,52227209
SuperDomain,hcbiwp01,SAP HostAgent Process,SAP HostAgent SMDA97,SAP OsCol|Memory,FreeSwap (KB),?,1440,2013-06-26 15:24:00.0,2013-06-26 15:24:00.0,2013-06-26 15:48:00.0,190,1025,59138539,58108472,60378572,59138539
SuperDomain,hcbiwp10,SAP HostAgent Process,SAP HostAgent SMDA97,SAP OsCol|Memory,FreeSwap (KB),?,1440,2013-06-26 15:24:00.0,2013-06-26 15:24:00.0,2013-06-26 15:48:00.0,190,1025,59252342,58276980,59665448,59252342
SuperDomain,hcbiwp11,SAP HostAgent Process,SAP HostAgent SMDA98,SAP OsCol|Memory,FreeSwap (KB),?,1440,2013-06-26 15:24:00.0,2013-06-26 15:24:00.0,2013-06-26 15:48:00.0,191,1025,54043511,53080708,54623224,54043511
SuperDomain,hcbiwp00,SAP HostAgent Process,SAP HostAgent SMDA98,SAP OsCol|Memory,FreeSwap (KB),?,1440,2013-06-26 15:24:00.0,2013-06-26 15:24:00.0,2013-06-26 15:48:00.0,189,1025,60222019,60139964,60324280,60222019
SuperDomain,hcbiwp12,SAP HostAgent Process,SAP HostAgent SMDA98,SAP OsCol|Memory,FreeSwap (KB),?,1440,2013-06-26 15:24:00.0,2013-06-26 15:24:00.0,2013-06-26 15:48:00.0,189,1025,51461424,51214176,51684768,51461424
SuperDomain,hcbiwp13,SAP HostAgent Process,SAP HostAgent SMDA98,SAP OsCol|Memory,FreeSwap (KB),?,1440,2013-06-26 15:24:00.0,2013-06-26 15:24:00.0,2013-06-26 15:48:00.0,190,1025,51994338,51066448,52643512,51994338
SuperDomain,hcbiwp01,SAP HostAgent Process,SAP HostAgent SMDA97,SAP OsCol|Memory,FreeSwap (KB),?,1440,2013-06-26 15:48:00.0,2013-06-26 15:48:00.0,2013-06-26 16:12:00.0,190,1025,57980352,57837560,58127712,57980352
SuperDomain,hcbiwp10,SAP HostAgent Process,SAP HostAgent SMDA97,SAP OsCol|Memory,FreeSwap (KB),?,1440,2013-06-26 15:48:00.0,2013-06-26 15:48:00.0,2013-06-26 16:12:00.0,189,1025,59658447,59256872,59988692,59658447
SuperDomain,hcbiwp11,SAP HostAgent Process,SAP HostAgent SMDA98,SAP OsCol|Memory,FreeSwap (KB),?,1440,2013-06-26 15:48:00.0,2013-06-26 15:48:00.0,2013-06-26 16:12:00.0,189,1025,53562748,52383472,54032552,53562748
SuperDomain,hcbiwp00,SAP HostAgent Process,SAP HostAgent SMDA98,SAP OsCol|Memory,FreeSwap (KB),?,1440,2013-06-26 15:48:00.0,2013-06-26 15:48:00.0,2013-06-26 16:12:00.0,191,1025,60151426,60078528,60229028,60151426
SuperDomain,hcbiwp12,SAP HostAgent Process,SAP HostAgent SMDA98,SAP OsCol|Memory,FreeSwap (KB),?,1440,2013-06-26 15:48:00.0,2013-06-26 15:48:00.0,2013-06-26 16:12:00.0,189,1025,51189270,50451980,51428116,51189270
SuperDomain,hcbiwp13,SAP HostAgent Process,SAP HostAgent SMDA98,SAP OsCol|Memory,FreeSwap (KB),?,1440,2013-06-26 15:48:00.0,2013-06-26 15:48:00.0,2013-06-26 16:12:00.0,191,1025,51865560,51300924,52078016,51865560
SuperDomain,hcbiwp01,SAP HostAgent Process,SAP HostAgent SMDA97,SAP OsCol|Memory,FreeSwap (KB),?,1440,2013-06-26 16:12:00.0,2013-06-26 16:12:00.0,2013-06-26 16:36:00.0,189,1025,71481495,57659436,113967552,71481495
SuperDomain,hcbiwp10,SAP HostAgent Process,SAP HostAgent SMDA97,SAP OsCol|Memory,FreeSwap (KB),?,1440,2013-06-26 16:12:00.0,2013-06-26 16:12:00.0,2013-06-26 16:36:00.0,192,1025,59509055,57787616,59737608,59509055
SuperDomain,hcbiwp11,SAP HostAgent Process,SAP HostAgent SMDA98,SAP OsCol|Memory,FreeSwap (KB),?,1440,2013-06-26 16:12:00.0,2013-06-26 16:12:00.0,2013-06-26 16:36:00.0,188,1025,50662284,49426848,52931004,50662284
SuperDomain,hcbiwp00,SAP HostAgent Process,SAP HostAgent SMDA98,SAP OsCol|Memory,FreeSwap (KB),?,1440,2013-06-26 16:12:00.0,2013-06-26 16:12:00.0,2013-06-26 16:36:00.0,190,1025,59696691,59441240,60168896,59696691
SuperDomain,hcbiwp12,SAP HostAgent Process,SAP HostAgent SMDA98,SAP OsCol|Memory,FreeSwap (KB),?,1440,2013-06-26 16:12:00.0,2013-06-26 16:12:00.0,2013-06-26 16:36:00.0,191,1025,50878382,48571912,51279324,50878382
SuperDomain,hcbiwp13,SAP HostAgent Process,SAP HostAgent SMDA98,SAP OsCol|Memory,FreeSwap (KB),?,1440,2013-06-26 16:12:00.0,2013-06-26 16:12:00.0,2013-06-26 16:36:00.0,190,1025,52097598,51523416,54500512,52097598
SuperDomain,hcbiwp01,SAP HostAgent Process,SAP HostAgent SMDA97,SAP OsCol|Memory,FreeSwap (KB),?,1440,2013-06-26 16:36:00.0,2013-06-26 16:36:00.0,2013-06-26 17:00:00.0,188,1025,63688005,57955356,89077184,63688005
SuperDomain,hcbiwp10,SAP HostAgent Process,SAP HostAgent SMDA97,SAP OsCol|Memory,FreeSwap (KB),?,1440,2013-06-26 16:36:00.0,2013-06-26 16:36:00.0,2013-06-26 17:00:00.0,190,1025,56769906,56405460,57309936,56769906
SuperDomain,hcbiwp11,SAP HostAgent Process,SAP HostAgent SMDA98,SAP OsCol|Memory,FreeSwap (KB),?,1440,2013-06-26 16:36:00.0,2013-06-26 16:36:00.0,2013-06-26 17:00:00.0,189,1025,49962116,49634376,50313032,49962116
SuperDomain,hcbiwp00,SAP HostAgent Process,SAP HostAgent SMDA98,SAP OsCol|Memory,FreeSwap (KB),?,1440,2013-06-26 16:36:00.0,2013-06-26 16:36:00.0,2013-06-26 17:00:00.0,190,1025,59662916,59404440,60110136,59662916
SuperDomain,hcbiwp12,SAP HostAgent Process,SAP HostAgent SMDA98,SAP OsCol|Memory,FreeSwap (KB),?,1440,2013-06-26 16:36:00.0,2013-06-26 16:36:00.0,2013-06-26 17:00:00.0,189,1025,47514851,47026004,48571912,47514851
SuperDomain,hcbiwp13,SAP HostAgent Process,SAP HostAgent SMDA98,SAP OsCol|Memory,FreeSwap (KB),?,1440,2013-06-26 16:36:00.0,2013-06-26 16:36:00.0,2013-06-26 17:00:00.0,189,1025,54043965,53905540,54128384,54043965
SuperDomain,hcbiwp01,SAP HostAgent Process,SAP HostAgent SMDA97,SAP OsCol|Memory,FreeSwap (KB),?,1440,2013-06-26 17:00:00.0,2013-06-26 17:00:00.0,2013-06-26 17:24:00.0,191,1025,58810988,57929628,75088508,58810988
SuperDomain,hcbiwp10,SAP HostAgent Process,SAP HostAgent SMDA97,SAP OsCol|Memory,FreeSwap (KB),?,1440,2013-06-26 17:00:00.0,2013-06-26 17:00:00.0,2013-06-26 17:24:00.0,189,1025,56081624,55580640,56554196,56081624
SuperDomain,hcbiwp11,SAP HostAgent Process,SAP HostAgent SMDA98,SAP OsCol|Memory,FreeSwap (KB),?,1440,2013-06-26 17:00:00.0,2013-06-26 17:00:00.0,2013-06-26 17:24:00.0,188,1025,50278824,50090888,50641268,50278824
SuperDomain,hcbiwp00,SAP HostAgent Process,SAP HostAgent SMDA98,SAP OsCol|Memory,FreeSwap (KB),?,1440,2013-06-26 17:00:00.0,2013-06-26 17:00:00.0,2013-06-26 17:24:00.0,189,1025,60002056,59727640,60190500,60002056
SuperDomain,hcbiwp12,SAP HostAgent Process,SAP HostAgent SMDA98,SAP OsCol|Memory,FreeSwap (KB),?,1440,2013-06-26 17:00:00.0,2013-06-26 17:00:00.0,2013-06-26 17:24:00.0,188,1025,56530896,47107056,57579780,56530896
SuperDomain,hcbiwp13,SAP HostAgent Process,SAP HostAgent SMDA98,SAP OsCol|Memory,FreeSwap (KB),?,1440,2013-06-26 17:00:00.0,2013-06-26 17:00:00.0,2013-06-26 17:24:00.0,190,1025,56085384,54046816,58186988,56085384
SuperDomain,hcbiwp01,SAP HostAgent Process,SAP HostAgent SMDA97,SAP OsCol|Memory,FreeSwap (KB),?,1440,2013-06-26 17:24:00.0,2013-06-26 17:24:00.0,2013-06-26 17:48:00.0,188,1025,71791011,58001436,82094452,71791011
SuperDomain,hcbiwp10,SAP HostAgent Process,SAP HostAgent SMDA97,SAP OsCol|Memory,FreeSwap (KB),?,1440,2013-06-26 17:24:00.0,2013-06-26 17:24:00.0,2013-06-26 17:48:00.0,189,1025,54758476,54424332,55532792,54758476
SuperDomain,hcbiwp11,SAP HostAgent Process,SAP HostAgent SMDA98,SAP OsCol|Memory,FreeSwap (KB),?,1440,2013-06-26 17:24:00.0,2013-06-26 17:24:00.0,2013-06-26 17:48:00.0,189,1025,49845007,48082364,50332756,49845007
SuperDomain,hcbiwp00,SAP HostAgent Process,SAP HostAgent SMDA98,SAP OsCol|Memory,FreeSwap (KB),?,1440,2013-06-26 17:24:00.0,2013-06-26 17:24:00.0,2013-06-26 17:48:00.0,191,1025,59767694,59659552,59867920,59767694
SuperDomain,hcbiwp12,SAP HostAgent Process,SAP HostAgent SMDA98,SAP OsCol|Memory,FreeSwap (KB),?,1440,2013-06-26 17:24:00.0,2013-06-26 17:24:00.0,2013-06-26 17:48:00.0,190,1025,55259543,54152380,56641156,55259543
SuperDomain,hcbiwp13,SAP HostAgent Process,SAP HostAgent SMDA98,SAP OsCol|Memory,FreeSwap (KB),?,1440,2013-06-26 17:24:00.0,2013-06-26 17:24:00.0,2013-06-26 17:48:00.0,190,1025,58761047,57007120,59600084,58761047
SuperDomain,hcbiwp01,SAP HostAgent Process,SAP HostAgent SMDA97,SAP OsCol|Memory,FreeSwap (KB),?,1440,2013-06-26 17:48:00.0,2013-06-26 17:48:00.0,2013-06-26 18:12:00.0,189,1025,81607244,81556384,81629656,81607244
SuperDomain,hcbiwp10,SAP HostAgent Process,SAP HostAgent SMDA97,SAP OsCol|Memory,FreeSwap (KB),?,1440,2013-06-26 17:48:00.0,2013-06-26 17:48:00.0,2013-06-26 18:12:00.0,190,1025,54866332,53825764,58554464,54866332
SuperDomain,hcbiwp11,SAP HostAgent Process,SAP HostAgent SMDA98,SAP OsCol|Memory,FreeSwap (KB),?,1440,2013-06-26 17:48:00.0,2013-06-26 17:48:00.0,2013-06-26 18:12:00.0,188,1025,48938731,47023604,49962880,48938731
SuperDomain,hcbiwp00,SAP HostAgent Process,SAP HostAgent SMDA98,SAP OsCol|Memory,FreeSwap (KB),?,1440,2013-06-26 17:48:00.0,2013-06-26 17:48:00.0,2013-06-26 18:12:00.0,189,1025,59644095,59497224,59749528,59644095
SuperDomain,hcbiwp12,SAP HostAgent Process,SAP HostAgent SMDA98,SAP OsCol|Memory,FreeSwap (KB),?,1440,2013-06-26 17:48:00.0,2013-06-26 17:48:00.0,2013-06-26 18:12:00.0,190,1025,52934284,51337788,54996292,52934284
SuperDomain,hcbiwp13,SAP HostAgent Process,SAP HostAgent SMDA98,SAP OsCol|Memory,FreeSwap (KB),?,1440,2013-06-26 17:48:00.0,2013-06-26 17:48:00.0,2013-06-26 18:12:00.0,190,1025,59131349,58066568,59834656,59131349
SuperDomain,hcbiwp01,SAP HostAgent Process,SAP HostAgent SMDA97,SAP OsCol|Memory,FreeSwap (KB),?,1440,2013-06-26 18:12:00.0,2013-06-26 18:12:00.0,2013-06-26 18:36:00.0,192,1025,81538013,81428920,81627132,81538013
SuperDomain,hcbiwp10,SAP HostAgent Process,SAP HostAgent SMDA97,SAP OsCol|Memory,FreeSwap (KB),?,1440,2013-06-26 18:12:00.0,2013-06-26 18:12:00.0,2013-06-26 18:36:00.0,190,1025,57022885,54485324,58554464,57022885
SuperDomain,hcbiwp11,SAP HostAgent Process,SAP HostAgent SMDA98,SAP OsCol|Memory,FreeSwap (KB),?,1440,2013-06-26 18:12:00.0,2013-06-26 18:12:00.0,2013-06-26 18:36:00.0,190,1025,45521089,42636872,47023604,45521089
SuperDomain,hcbiwp00,SAP HostAgent Process,SAP HostAgent SMDA98,SAP OsCol|Memory,FreeSwap (KB),?,1440,2013-06-26 18:12:00.0,2013-06-26 18:12:00.0,2013-06-26 18:36:00.0,189,1025,59628102,59490916,59677412,59628102
SuperDomain,hcbiwp12,SAP HostAgent Process,SAP HostAgent SMDA98,SAP OsCol|Memory,FreeSwap (KB),?,1440,2013-06-26 18:12:00.0,2013-06-26 18:12:00.0,2013-06-26 18:36:00.0,189,1025,52080615,49500620,54794196,52080615
SuperDomain,hcbiwp13,SAP HostAgent Process,SAP HostAgent SMDA98,SAP OsCol|Memory,FreeSwap (KB),?,1440,2013-06-26 18:12:00.0,2013-06-26 18:12:00.0,2013-06-26 18:36:00.0,190,1025,57523985,55153848,60152208,57523985
SuperDomain,hcbiwp01,SAP HostAgent Process,SAP HostAgent SMDA97,SAP OsCol|Memory,FreeSwap (KB),?,1440,2013-06-26 18:36:00.0,2013-06-26 18:36:00.0,2013-06-26 19:00:00.0,189,1025,81618431,81585808,81626984,81618431
SuperDomain,hcbiwp10,SAP HostAgent Process,SAP HostAgent SMDA97,SAP OsCol|Memory,FreeSwap (KB),?,1440,2013-06-26 18:36:00.0,2013-06-26 18:36:00.0,2013-06-26 19:00:00.0,190,1025,56242792,55951796,56671692,56242792
SuperDomain,hcbiwp11,SAP HostAgent Process,SAP HostAgent SMDA98,SAP OsCol|Memory,FreeSwap (KB),?,1440,2013-06-26 18:36:00.0,2013-06-26 18:36:00.0,2013-06-26 19:00:00.0,188,1025,45111666,40430520,54862532,45111666
SuperDomain,hcbiwp00,SAP HostAgent Process,SAP HostAgent SMDA98,SAP OsCol|Memory,FreeSwap (KB),?,1440,2013-06-26 18:36:00.0,2013-06-26 18:36:00.0,2013-06-26 19:00:00.0,192,1025,59574811,59466088,59672668,59574811
SuperDomain,hcbiwp12,SAP HostAgent Process,SAP HostAgent SMDA98,SAP OsCol|Memory,FreeSwap (KB),?,1440,2013-06-26 18:36:00.0,2013-06-26 18:36:00.0,2013-06-26 19:00:00.0,190,1025,49294863,47433212,50212648,49294863
SuperDomain,hcbiwp13,SAP HostAgent Process,SAP HostAgent SMDA98,SAP OsCol|Memory,FreeSwap (KB),?,1440,2013-06-26 18:36:00.0,2013-06-26 18:36:00.0,2013-06-26 19:00:00.0,191,1025,54481023,53981280,55153848,54481023
SuperDomain,hcbiwp01,SAP HostAgent Process,SAP HostAgent SMDA97,SAP OsCol|Memory,FreeSwap (KB),?,1440,2013-06-26 19:00:00.0,2013-06-26 19:00:00.0,2013-06-26 19:24:00.0,189,1025,81570766,81473408,81626984,81570766
SuperDomain,hcbiwp10,SAP HostAgent Process,SAP HostAgent SMDA97,SAP OsCol|Memory,FreeSwap (KB),?,1440,2013-06-26 19:00:00.0,2013-06-26 19:00:00.0,2013-06-26 19:24:00.0,191,1025,58405458,56111004,59214264,58405458
SuperDomain,hcbiwp11,SAP HostAgent Process,SAP HostAgent SMDA98,SAP OsCol|Memory,FreeSwap (KB),?,1440,2013-06-26 19:00:00.0,2013-06-26 19:00:00.0,2013-06-26 19:24:00.0,189,1025,59503892,54766080,60229160,59503892
SuperDomain,hcbiwp00,SAP HostAgent Process,SAP HostAgent SMDA98,SAP OsCol|Memory,FreeSwap (KB),?,1440,2013-06-26 19:00:00.0,2013-06-26 19:00:00.0,2013-06-26 19:24:00.0,189,1025,61900491,59494240,62052880,61900491
SuperDomain,hcbiwp12,SAP HostAgent Process,SAP HostAgent SMDA98,SAP OsCol|Memory,FreeSwap (KB),?,1440,2013-06-26 19:00:00.0,2013-06-26 19:00:00.0,2013-06-26 19:24:00.0,188,1025,52380543,50138320,53443860,52380543
SuperDomain,hcbiwp13,SAP HostAgent Process,SAP HostAgent SMDA98,SAP OsCol|Memory,FreeSwap (KB),?,1440,2013-06-26 19:00:00.0,2013-06-26 19:00:00.0,2013-06-26 19:24:00.0,188,1025,56549200,53981280,59218512,56549200
SuperDomain,hcbiwp01,SAP HostAgent Process,SAP HostAgent SMDA97,SAP OsCol|Memory,FreeSwap (KB),?,1440,2013-06-26 19:24:00.0,2013-06-26 19:24:00.0,2013-06-26 19:48:00.0,190,1025,81573911,81508800,81624780,81573911
SuperDomain,hcbiwp10,SAP HostAgent Process,SAP HostAgent SMDA97,SAP OsCol|Memory,FreeSwap (KB),?,1440,2013-06-26 19:24:00.0,2013-06-26 19:24:00.0,2013-06-26 19:48:00.0,189,1025,53661830,51399188,56913632,53661830
SuperDomain,hcbiwp11,SAP HostAgent Process,SAP HostAgent SMDA98,SAP OsCol|Memory,FreeSwap (KB),?,1440,2013-06-26 19:24:00.0,2013-06-26 19:24:00.0,2013-06-26 19:48:00.0,189,1025,60052872,59428392,60212436,60052872
SuperDomain,hcbiwp00,SAP HostAgent Process,SAP HostAgent SMDA98,SAP OsCol|Memory,FreeSwap (KB),?,1440,2013-06-26 19:24:00.0,2013-06-26 19:24:00.0,2013-06-26 19:48:00.0,189,1025,61792513,61602356,62048260,61792513
SuperDomain,hcbiwp12,SAP HostAgent Process,SAP HostAgent SMDA98,SAP OsCol|Memory,FreeSwap (KB),?,1440,2013-06-26 19:24:00.0,2013-06-26 19:24:00.0,2013-06-26 19:48:00.0,190,1025,52667614,46044956,58296296,52667614
SuperDomain,hcbiwp13,SAP HostAgent Process,SAP HostAgent SMDA98,SAP OsCol|Memory,FreeSwap (KB),?,1440,2013-06-26 19:24:00.0,2013-06-26 19:24:00.0,2013-06-26 19:48:00.0,191,1025,53210889,51258512,57412504,53210889
SuperDomain,hcbiwp01,SAP HostAgent Process,SAP HostAgent SMDA97,SAP OsCol|Memory,FreeSwap (KB),?,1440,2013-06-26 19:48:00.0,2013-06-26 19:48:00.0,2013-06-26 20:12:00.0,189,1025,81538211,81450836,81614476,81538211
SuperDomain,hcbiwp10,SAP HostAgent Process,SAP HostAgent SMDA97,SAP OsCol|Memory,FreeSwap (KB),?,1440,2013-06-26 19:48:00.0,2013-06-26 19:48:00.0,2013-06-26 20:12:00.0,190,1025,56137783,55087052,56922920,56137783
SuperDomain,hcbiwp11,SAP HostAgent Process,SAP HostAgent SMDA98,SAP OsCol|Memory,FreeSwap (KB),?,1440,2013-06-26 19:48:00.0,2013-06-26 19:48:00.0,2013-06-26 20:12:00.0,190,1025,60568355,59256848,60921908,60568355
SuperDomain,hcbiwp00,SAP HostAgent Process,SAP HostAgent SMDA98,SAP OsCol|Memory,FreeSwap (KB),?,1440,2013-06-26 19:48:00.0,2013-06-26 19:48:00.0,2013-06-26 20:12:00.0,190,1025,61842657,60953480,62150592,61842657
SuperDomain,hcbiwp12,SAP HostAgent Process,SAP HostAgent SMDA98,SAP OsCol|Memory,FreeSwap (KB),?,1440,2013-06-26 19:48:00.0,2013-06-26 19:48:00.0,2013-06-26 20:12:00.0,191,1025,58740241,58019292,59186852,58740241
SuperDomain,hcbiwp13,SAP HostAgent Process,SAP HostAgent SMDA98,SAP OsCol|Memory,FreeSwap (KB),?,1440,2013-06-26 19:48:00.0,2013-06-26 19:48:00.0,2013-06-26 20:12:00.0,191,1025,54988747,54311156,55779500,54988747
SuperDomain,hcbiwp01,SAP HostAgent Process,SAP HostAgent SMDA97,SAP OsCol|Memory,FreeSwap (KB),?,1440,2013-06-26 20:12:00.0,2013-06-26 20:12:00.0,2013-06-26 20:36:00.0,189,1025,90590172,81385828,114035032,90590172
SuperDomain,hcbiwp10,SAP HostAgent Process,SAP HostAgent SMDA97,SAP OsCol|Memory,FreeSwap (KB),?,1440,2013-06-26 20:12:00.0,2013-06-26 20:12:00.0,2013-06-26 20:36:00.0,190,1025,55887911,54783588,56539420,55887911
SuperDomain,hcbiwp11,SAP HostAgent Process,SAP HostAgent SMDA98,SAP OsCol|Memory,FreeSwap (KB),?,1440,2013-06-26 20:12:00.0,2013-06-26 20:12:00.0,2013-06-26 20:36:00.0,190,1025,60494157,59690740,60992984,60494157
SuperDomain,hcbiwp00,SAP HostAgent Process,SAP HostAgent SMDA98,SAP OsCol|Memory,FreeSwap (KB),?,1440,2013-06-26 20:12:00.0,2013-06-26 20:12:00.0,2013-06-26 20:36:00.0,191,1025,62053478,61935976,62137140,62053478
SuperDomain,hcbiwp12,SAP HostAgent Process,SAP HostAgent SMDA98,SAP OsCol|Memory,FreeSwap (KB),?,1440,2013-06-26 20:12:00.0,2013-06-26 20:12:00.0,2013-06-26 20:36:00.0,190,1025,58353726,56243892,58848064,58353726
SuperDomain,hcbiwp13,SAP HostAgent Process,SAP HostAgent SMDA98,SAP OsCol|Memory,FreeSwap (KB),?,1440,2013-06-26 20:12:00.0,2013-06-26 20:12:00.0,2013-06-26 20:36:00.0,190,1025,54884110,54575180,55092416,54884110
SuperDomain,hcbiwp01,SAP HostAgent Process,SAP HostAgent SMDA97,SAP OsCol|Memory,FreeSwap (KB),?,1440,2013-06-26 20:36:00.0,2013-06-26 20:36:00.0,2013-06-26 21:00:00.0,190,1025,114012301,113993704,114037104,114012301
SuperDomain,hcbiwp10,SAP HostAgent Process,SAP HostAgent SMDA97,SAP OsCol|Memory,FreeSwap (KB),?,1440,2013-06-26 20:36:00.0,2013-06-26 20:36:00.0,2013-06-26 21:00:00.0,191,1025,58001888,55609268,60420316,58001888
SuperDomain,hcbiwp11,SAP HostAgent Process,SAP HostAgent SMDA98,SAP OsCol|Memory,FreeSwap (KB),?,1440,2013-06-26 20:36:00.0,2013-06-26 20:36:00.0,2013-06-26 21:00:00.0,188,1025,61045622,60285904,61128680,61045622
SuperDomain,hcbiwp00,SAP HostAgent Process,SAP HostAgent SMDA98,SAP OsCol|Memory,FreeSwap (KB),?,1440,2013-06-26 20:36:00.0,2013-06-26 20:36:00.0,2013-06-26 21:00:00.0,190,1025,61888830,61790316,61951972,61888830
SuperDomain,hcbiwp12,SAP HostAgent Process,SAP HostAgent SMDA98,SAP OsCol|Memory,FreeSwap (KB),?,1440,2013-06-26 20:36:00.0,2013-06-26 20:36:00.0,2013-06-26 21:00:00.0,188,1025,60801878,58555988,62537404,60801878
SuperDomain,hcbiwp13,SAP HostAgent Process,SAP HostAgent SMDA98,SAP OsCol|Memory,FreeSwap (KB),?,1440,2013-06-26 20:36:00.0,2013-06-26 20:36:00.0,2013-06-26 21:00:00.0,190,1025,57632607,54297320,59038892,57632607
SuperDomain,hcbiwp01,SAP HostAgent Process,SAP HostAgent SMDA97,SAP OsCol|Memory,FreeSwap (KB),?,1440,2013-06-26 21:00:00.0,2013-06-26 21:00:00.0,2013-06-26 21:24:00.0,190,1025,113951992,113874764,114007308,113951992
SuperDomain,hcbiwp10,SAP HostAgent Process,SAP HostAgent SMDA97,SAP OsCol|Memory,FreeSwap (KB),?,1440,2013-06-26 21:00:00.0,2013-06-26 21:00:00.0,2013-06-26 21:24:00.0,190,1025,60263848,60194132,60420316,60263848
SuperDomain,hcbiwp11,SAP HostAgent Process,SAP HostAgent SMDA98,SAP OsCol|Memory,FreeSwap (KB),?,1440,2013-06-26 21:00:00.0,2013-06-26 21:00:00.0,2013-06-26 21:24:00.0,191,1025,60802461,58802456,61114432,60802461
SuperDomain,hcbiwp00,SAP HostAgent Process,SAP HostAgent SMDA98,SAP OsCol|Memory,FreeSwap (KB),?,1440,2013-06-26 21:00:00.0,2013-06-26 21:00:00.0,2013-06-26 21:24:00.0,188,1025,61959104,61823108,62004312,61959104
SuperDomain,hcbiwp12,SAP HostAgent Process,SAP HostAgent SMDA98,SAP OsCol|Memory,FreeSwap (KB),?,1440,2013-06-26 21:00:00.0,2013-06-26 21:00:00.0,2013-06-26 21:24:00.0,191,1025,62621034,61991992,62732436,62621034
SuperDomain,hcbiwp13,SAP HostAgent Process,SAP HostAgent SMDA98,SAP OsCol|Memory,FreeSwap (KB),?,1440,2013-06-26 21:00:00.0,2013-06-26 21:00:00.0,2013-06-26 21:24:00.0,189,1025,61064997,58995144,61231060,61064997
SuperDomain,hcbiwp01,SAP HostAgent Process,SAP HostAgent SMDA97,SAP OsCol|Memory,FreeSwap (KB),?,1440,2013-06-26 21:24:00.0,2013-06-26 21:24:00.0,2013-06-26 21:48:00.0,189,1025,113964719,113874084,114012176,113964719
SuperDomain,hcbiwp10,SAP HostAgent Process,SAP HostAgent SMDA97,SAP OsCol|Memory,FreeSwap (KB),?,1440,2013-06-26 21:24:00.0,2013-06-26 21:24:00.0,2013-06-26 21:48:00.0,190,1025,59960073,59065404,60225484,59960073
SuperDomain,hcbiwp11,SAP HostAgent Process,SAP HostAgent SMDA98,SAP OsCol|Memory,FreeSwap (KB),?,1440,2013-06-26 21:24:00.0,2013-06-26 21:24:00.0,2013-06-26 21:48:00.0,190,1025,60625168,59472948,61155388,60625168
SuperDomain,hcbiwp00,SAP HostAgent Process,SAP HostAgent SMDA98,SAP OsCol|Memory,FreeSwap (KB),?,1440,2013-06-26 21:24:00.0,2013-06-26 21:24:00.0,2013-06-26 21:48:00.0,191,1025,61930181,61314356,62002736,61930181
SuperDomain,hcbiwp12,SAP HostAgent Process,SAP HostAgent SMDA98,SAP OsCol|Memory,FreeSwap (KB),?,1440,2013-06-26 21:24:00.0,2013-06-26 21:24:00.0,2013-06-26 21:48:00.0,190,1025,62446168,61470280,62729016,62446168
SuperDomain,hcbiwp13,SAP HostAgent Process,SAP HostAgent SMDA98,SAP OsCol|Memory,FreeSwap (KB),?,1440,2013-06-26 21:24:00.0,2013-06-26 21:24:00.0,2013-06-26 21:48:00.0,191,1025,60488681,59579548,60701180,60488681
SuperDomain,hcbiwp01,SAP HostAgent Process,SAP HostAgent SMDA97,SAP OsCol|Memory,FreeSwap (KB),?,1440,2013-06-26 21:48:00.0,2013-06-26 21:48:00.0,2013-06-26 22:12:00.0,189,1025,114006740,113970848,114016640,114006740
SuperDomain,hcbiwp10,SAP HostAgent Process,SAP HostAgent SMDA97,SAP OsCol|Memory,FreeSwap (KB),?,1440,2013-06-26 21:48:00.0,2013-06-26 21:48:00.0,2013-06-26 22:12:00.0,190,1025,59099180,58035424,59898616,59099180
SuperDomain,hcbiwp11,SAP HostAgent Process,SAP HostAgent SMDA98,SAP OsCol|Memory,FreeSwap (KB),?,1440,2013-06-26 21:48:00.0,2013-06-26 21:48:00.0,2013-06-26 22:12:00.0,189,1025,59837543,58689656,61034944,59837543
SuperDomain,hcbiwp00,SAP HostAgent Process,SAP HostAgent SMDA98,SAP OsCol|Memory,FreeSwap (KB),?,1440,2013-06-26 21:48:00.0,2013-06-26 21:48:00.0,2013-06-26 22:12:00.0,190,1025,61701116,59809504,62132160,61701116
SuperDomain,hcbiwp12,SAP HostAgent Process,SAP HostAgent SMDA98,SAP OsCol|Memory,FreeSwap (KB),?,1440,2013-06-26 21:48:00.0,2013-06-26 21:48:00.0,2013-06-26 22:12:00.0,191,1025,61946724,60891440,62558852,61946724
SuperDomain,hcbiwp13,SAP HostAgent Process,SAP HostAgent SMDA98,SAP OsCol|Memory,FreeSwap (KB),?,1440,2013-06-26 21:48:00.0,2013-06-26 21:48:00.0,2013-06-26 22:12:00.0,190,1025,60883620,59562588,61728120,60883620
SuperDomain,hcbiwp01,SAP HostAgent Process,SAP HostAgent SMDA97,SAP OsCol|Memory,FreeSwap (KB),?,1440,2013-06-26 22:12:00.0,2013-06-26 22:12:00.0,2013-06-26 22:36:00.0,191,1025,113962401,113826056,114031512,113962401
SuperDomain,hcbiwp10,SAP HostAgent Process,SAP HostAgent SMDA97,SAP OsCol|Memory,FreeSwap (KB),?,1440,2013-06-26 22:12:00.0,2013-06-26 22:12:00.0,2013-06-26 22:36:00.0,191,1025,59824472,59252228,60125652,59824472
SuperDomain,hcbiwp11,SAP HostAgent Process,SAP HostAgent SMDA98,SAP OsCol|Memory,FreeSwap (KB),?,1440,2013-06-26 22:12:00.0,2013-06-26 22:12:00.0,2013-06-26 22:36:00.0,189,1025,60982915,60738156,61120140,60982915
SuperDomain,hcbiwp00,SAP HostAgent Process,SAP HostAgent SMDA98,SAP OsCol|Memory,FreeSwap (KB),?,1440,2013-06-26 22:12:00.0,2013-06-26 22:12:00.0,2013-06-26 22:36:00.0,189,1025,61910507,61888244,61965268,61910507
SuperDomain,hcbiwp12,SAP HostAgent Process,SAP HostAgent SMDA98,SAP OsCol|Memory,FreeSwap (KB),?,1440,2013-06-26 22:12:00.0,2013-06-26 22:12:00.0,2013-06-26 22:36:00.0,190,1025,62460829,62183844,62570928,62460829
SuperDomain,hcbiwp13,SAP HostAgent Process,SAP HostAgent SMDA98,SAP OsCol|Memory,FreeSwap (KB),?,1440,2013-06-26 22:12:00.0,2013-06-26 22:12:00.0,2013-06-26 22:36:00.0,190,1025,61439488,59715740,61701344,61439488
SuperDomain,hcbiwp01,SAP HostAgent Process,SAP HostAgent SMDA97,SAP OsCol|Memory,FreeSwap (KB),?,1440,2013-06-26 22:36:00.0,2013-06-26 22:36:00.0,2013-06-26 23:00:00.0,190,1025,114008054,113976292,114015964,114008054
SuperDomain,hcbiwp10,SAP HostAgent Process,SAP HostAgent SMDA97,SAP OsCol|Memory,FreeSwap (KB),?,1440,2013-06-26 22:36:00.0,2013-06-26 22:36:00.0,2013-06-26 23:00:00.0,190,1025,59603363,59101676,59820028,59603363
SuperDomain,hcbiwp11,SAP HostAgent Process,SAP HostAgent SMDA98,SAP OsCol|Memory,FreeSwap (KB),?,1440,2013-06-26 22:36:00.0,2013-06-26 22:36:00.0,2013-06-26 23:00:00.0,190,1025,60468444,59904104,60807896,60468444
SuperDomain,hcbiwp00,SAP HostAgent Process,SAP HostAgent SMDA98,SAP OsCol|Memory,FreeSwap (KB),?,1440,2013-06-26 22:36:00.0,2013-06-26 22:36:00.0,2013-06-26 23:00:00.0,191,1025,61856566,61750832,61904648,61856566
SuperDomain,hcbiwp12,SAP HostAgent Process,SAP HostAgent SMDA98,SAP OsCol|Memory,FreeSwap (KB),?,1440,2013-06-26 22:36:00.0,2013-06-26 22:36:00.0,2013-06-26 23:00:00.0,190,1025,62159660,61982368,62422744,62159660
SuperDomain,hcbiwp13,SAP HostAgent Process,SAP HostAgent SMDA98,SAP OsCol|Memory,FreeSwap (KB),?,1440,2013-06-26 22:36:00.0,2013-06-26 22:36:00.0,2013-06-26 23:00:00.0,190,1025,61097608,60246712,61522324,61097608
SuperDomain,hcbiwp01,SAP HostAgent Process,SAP HostAgent SMDA97,SAP OsCol|Memory,FreeSwap (KB),?,1440,2013-06-26 23:00:00.0,2013-06-26 23:00:00.0,2013-06-26 23:24:00.0,189,1025,113957788,113886160,114013532,113957788
SuperDomain,hcbiwp10,SAP HostAgent Process,SAP HostAgent SMDA97,SAP OsCol|Memory,FreeSwap (KB),?,1440,2013-06-26 23:00:00.0,2013-06-26 23:00:00.0,2013-06-26 23:24:00.0,190,1025,59583809,59039904,59980092,59583809
SuperDomain,hcbiwp11,SAP HostAgent Process,SAP HostAgent SMDA98,SAP OsCol|Memory,FreeSwap (KB),?,1440,2013-06-26 23:00:00.0,2013-06-26 23:00:00.0,2013-06-26 23:24:00.0,190,1025,60909948,60701596,61042292,60909948
SuperDomain,hcbiwp00,SAP HostAgent Process,SAP HostAgent SMDA98,SAP OsCol|Memory,FreeSwap (KB),?,1440,2013-06-26 23:00:00.0,2013-06-26 23:00:00.0,2013-06-26 23:24:00.0,189,1025,61863961,61813728,61923908,61863961
SuperDomain,hcbiwp12,SAP HostAgent Process,SAP HostAgent SMDA98,SAP OsCol|Memory,FreeSwap (KB),?,1440,2013-06-26 23:00:00.0,2013-06-26 23:00:00.0,2013-06-26 23:24:00.0,190,1025,62203445,61721188,62794072,62203445
SuperDomain,hcbiwp13,SAP HostAgent Process,SAP HostAgent SMDA98,SAP OsCol|Memory,FreeSwap (KB),?,1440,2013-06-26 23:00:00.0,2013-06-26 23:00:00.0,2013-06-26 23:24:00.0,191,1025,61463080,60108056,61886240,61463080
SuperDomain,hcbiwp01,SAP HostAgent Process,SAP HostAgent SMDA97,SAP OsCol|Memory,FreeSwap (KB),?,1440,2013-06-26 23:24:00.0,2013-06-26 23:24:00.0,2013-06-26 23:48:00.0,190,1025,113977945,113891100,114015600,113977945
SuperDomain,hcbiwp10,SAP HostAgent Process,SAP HostAgent SMDA97,SAP OsCol|Memory,FreeSwap (KB),?,1440,2013-06-26 23:24:00.0,2013-06-26 23:24:00.0,2013-06-26 23:48:00.0,190,1025,59280722,58787020,59868204,59280722
SuperDomain,hcbiwp11,SAP HostAgent Process,SAP HostAgent SMDA98,SAP OsCol|Memory,FreeSwap (KB),?,1440,2013-06-26 23:24:00.0,2013-06-26 23:24:00.0,2013-06-26 23:48:00.0,189,1025,60760911,60444604,61080920,60760911
SuperDomain,hcbiwp00,SAP HostAgent Process,SAP HostAgent SMDA98,SAP OsCol|Memory,FreeSwap (KB),?,1440,2013-06-26 23:24:00.0,2013-06-26 23:24:00.0,2013-06-26 23:48:00.0,190,1025,61642599,59832976,62086276,61642599
SuperDomain,hcbiwp12,SAP HostAgent Process,SAP HostAgent SMDA98,SAP OsCol|Memory,FreeSwap (KB),?,1440,2013-06-26 23:24:00.0,2013-06-26 23:24:00.0,2013-06-26 23:48:00.0,191,1025,62513941,62261368,62776004,62513941
SuperDomain,hcbiwp13,SAP HostAgent Process,SAP HostAgent SMDA98,SAP OsCol|Memory,FreeSwap (KB),?,1440,2013-06-26 23:24:00.0,2013-06-26 23:24:00.0,2013-06-26 23:48:00.0,189,1025,61631495,61190284,61807692,61631495
SuperDomain,hcbiwp01,SAP HostAgent Process,SAP HostAgent SMDA97,SAP OsCol|Memory,FreeSwap (KB),?,1440,2013-06-26 23:48:00.0,2013-06-26 23:48:00.0,2013-06-27 00:12:00.0,189,1025,114003360,113986708,114015600,114003360
SuperDomain,hcbiwp10,SAP HostAgent Process,SAP HostAgent SMDA97,SAP OsCol|Memory,FreeSwap (KB),?,1440,2013-06-26 23:48:00.0,2013-06-26 23:48:00.0,2013-06-27 00:12:00.0,190,1025,59145039,56691540,59948832,59145039
SuperDomain,hcbiwp11,SAP HostAgent Process,SAP HostAgent SMDA98,SAP OsCol|Memory,FreeSwap (KB),?,1440,2013-06-26 23:48:00.0,2013-06-26 23:48:00.0,2013-06-27 00:12:00.0,191,1025,60872897,60185100,61157508,60872897
SuperDomain,hcbiwp00,SAP HostAgent Process,SAP HostAgent SMDA98,SAP OsCol|Memory,FreeSwap (KB),?,1440,2013-06-26 23:48:00.0,2013-06-26 23:48:00.0,2013-06-27 00:12:00.0,191,1025,61961081,61880804,62116836,61961081
SuperDomain,hcbiwp12,SAP HostAgent Process,SAP HostAgent SMDA98,SAP OsCol|Memory,FreeSwap (KB),?,1440,2013-06-26 23:48:00.0,2013-06-26 23:48:00.0,2013-06-27 00:12:00.0,190,1025,62477966,61788416,62764728,62477966
SuperDomain,hcbiwp13,SAP HostAgent Process,SAP HostAgent SMDA98,SAP OsCol|Memory,FreeSwap (KB),?,1440,2013-06-26 23:48:00.0,2013-06-26 23:48:00.0,2013-06-27 00:12:00.0,190,1025,61737135,60935564,62727204,61737135
SuperDomain,hcbiwp01,SAP HostAgent Process,SAP HostAgent SMDA97,SAP OsCol|Memory,FreeSwap (KB),?,1440,2013-06-27 00:12:00.0,2013-06-27 00:12:00.0,2013-06-27 00:36:00.0,190,1025,102667449,90913932,114013404,102667449
SuperDomain,hcbiwp10,SAP HostAgent Process,SAP HostAgent SMDA97,SAP OsCol|Memory,FreeSwap (KB),?,1440,2013-06-27 00:12:00.0,2013-06-27 00:12:00.0,2013-06-27 00:36:00.0,191,1025,59411029,58015444,59799224,59411029
SuperDomain,hcbiwp11,SAP HostAgent Process,SAP HostAgent SMDA98,SAP OsCol|Memory,FreeSwap (KB),?,1440,2013-06-27 00:12:00.0,2013-06-27 00:12:00.0,2013-06-27 00:36:00.0,189,1025,59997953,59418844,60706160,59997953
SuperDomain,hcbiwp00,SAP HostAgent Process,SAP HostAgent SMDA98,SAP OsCol|Memory,FreeSwap (KB),?,1440,2013-06-27 00:12:00.0,2013-06-27 00:12:00.0,2013-06-27 00:36:00.0,189,1025,61928695,60270744,62144624,61928695
SuperDomain,hcbiwp12,SAP HostAgent Process,SAP HostAgent SMDA98,SAP OsCol|Memory,FreeSwap (KB),?,1440,2013-06-27 00:12:00.0,2013-06-27 00:12:00.0,2013-06-27 00:36:00.0,190,1025,62248653,61986016,62540136,62248653
SuperDomain,hcbiwp13,SAP HostAgent Process,SAP HostAgent SMDA98,SAP OsCol|Memory,FreeSwap (KB),?,1440,2013-06-27 00:12:00.0,2013-06-27 00:12:00.0,2013-06-27 00:36:00.0,190,1025,62166973,61362584,62696412,62166973
SuperDomain,hcbiwp01,SAP HostAgent Process,SAP HostAgent SMDA97,SAP OsCol|Memory,FreeSwap (KB),?,1440,2013-06-27 00:36:00.0,2013-06-27 00:36:00.0,2013-06-27 01:00:00.0,190,1025,91659014,90660308,92435440,91659014
SuperDomain,hcbiwp10,SAP HostAgent Process,SAP HostAgent SMDA97,SAP OsCol|Memory,FreeSwap (KB),?,1440,2013-06-27 00:36:00.0,2013-06-27 00:36:00.0,2013-06-27 01:00:00.0,189,1025,58963984,57077284,59690308,58963984
SuperDomain,hcbiwp11,SAP HostAgent Process,SAP HostAgent SMDA98,SAP OsCol|Memory,FreeSwap (KB),?,1440,2013-06-27 00:36:00.0,2013-06-27 00:36:00.0,2013-06-27 01:00:00.0,189,1025,59582698,58448860,60271068,59582698
SuperDomain,hcbiwp00,SAP HostAgent Process,SAP HostAgent SMDA98,SAP OsCol|Memory,FreeSwap (KB),?,1440,2013-06-27 00:36:00.0,2013-06-27 00:36:00.0,2013-06-27 01:00:00.0,190,1025,61932657,61828364,62010728,61932657
SuperDomain,hcbiwp12,SAP HostAgent Process,SAP HostAgent SMDA98,SAP OsCol|Memory,FreeSwap (KB),?,1440,2013-06-27 00:36:00.0,2013-06-27 00:36:00.0,2013-06-27 01:00:00.0,190,1025,61927560,61302104,62785272,61927560
SuperDomain,hcbiwp13,SAP HostAgent Process,SAP HostAgent SMDA98,SAP OsCol|Memory,FreeSwap (KB),?,1440,2013-06-27 00:36:00.0,2013-06-27 00:36:00.0,2013-06-27 01:00:00.0,190,1025,60083355,58089328,62531780,60083355
SuperDomain,hcbiwp01,SAP HostAgent Process,SAP HostAgent SMDA97,SAP OsCol|Memory,FreeSwap (KB),?,1440,2013-06-27 01:00:00.0,2013-06-27 01:00:00.0,2013-06-27 01:24:00.0,189,1025,104368368,90762316,113442916,104368368
SuperDomain,hcbiwp10,SAP HostAgent Process,SAP HostAgent SMDA97,SAP OsCol|Memory,FreeSwap (KB),?,1440,2013-06-27 01:00:00.0,2013-06-27 01:00:00.0,2013-06-27 01:24:00.0,190,1025,58711643,56835120,59423604,58711643
SuperDomain,hcbiwp11,SAP HostAgent Process,SAP HostAgent SMDA98,SAP OsCol|Memory,FreeSwap (KB),?,1440,2013-06-27 01:00:00.0,2013-06-27 01:00:00.0,2013-06-27 01:24:00.0,190,1025,58871196,57984436,60271068,58871196
SuperDomain,hcbiwp00,SAP HostAgent Process,SAP HostAgent SMDA98,SAP OsCol|Memory,FreeSwap (KB),?,1440,2013-06-27 01:00:00.0,2013-06-27 01:00:00.0,2013-06-27 01:24:00.0,190,1025,61869780,61812484,61948660,61869780
SuperDomain,hcbiwp12,SAP HostAgent Process,SAP HostAgent SMDA98,SAP OsCol|Memory,FreeSwap (KB),?,1440,2013-06-27 01:00:00.0,2013-06-27 01:00:00.0,2013-06-27 01:24:00.0,189,1025,61400598,60012896,62339868,61400598
SuperDomain,hcbiwp13,SAP HostAgent Process,SAP HostAgent SMDA98,SAP OsCol|Memory,FreeSwap (KB),?,1440,2013-06-27 01:00:00.0,2013-06-27 01:00:00.0,2013-06-27 01:24:00.0,189,1025,60940249,59143032,61957824,60940249
SuperDomain,hcbiwp01,SAP HostAgent Process,SAP HostAgent SMDA97,SAP OsCol|Memory,FreeSwap (KB),?,1440,2013-06-27 01:24:00.0,2013-06-27 01:24:00.0,2013-06-27 01:48:00.0,189,1025,101747436,90744256,114660644,101747436
SuperDomain,hcbiwp10,SAP HostAgent Process,SAP HostAgent SMDA97,SAP OsCol|Memory,FreeSwap (KB),?,1440,2013-06-27 01:24:00.0,2013-06-27 01:24:00.0,2013-06-27 01:48:00.0,190,1025,56225758,54296928,59561392,56225758
SuperDomain,hcbiwp11,SAP HostAgent Process,SAP HostAgent SMDA98,SAP OsCol|Memory,FreeSwap (KB),?,1440,2013-06-27 01:24:00.0,2013-06-27 01:24:00.0,2013-06-27 01:48:00.0,189,1025,56527430,51689700,59823996,56527430
SuperDomain,hcbiwp00,SAP HostAgent Process,SAP HostAgent SMDA98,SAP OsCol|Memory,FreeSwap (KB),?,1440,2013-06-27 01:24:00.0,2013-06-27 01:24:00.0,2013-06-27 01:48:00.0,190,1025,61890025,61840748,61938448,61890025
SuperDomain,hcbiwp12,SAP HostAgent Process,SAP HostAgent SMDA98,SAP OsCol|Memory,FreeSwap (KB),?,1440,2013-06-27 01:24:00.0,2013-06-27 01:24:00.0,2013-06-27 01:48:00.0,191,1025,59074623,58214488,61005592,59074623
SuperDomain,hcbiwp13,SAP HostAgent Process,SAP HostAgent SMDA98,SAP OsCol|Memory,FreeSwap (KB),?,1440,2013-06-27 01:24:00.0,2013-06-27 01:24:00.0,2013-06-27 01:48:00.0,189,1025,59188818,57038396,61811232,59188818
SuperDomain,hcbiwp01,SAP HostAgent Process,SAP HostAgent SMDA97,SAP OsCol|Memory,FreeSwap (KB),?,1440,2013-06-27 01:48:00.0,2013-06-27 01:48:00.0,2013-06-27 02:12:00.0,191,1025,114627908,114589656,114659012,114627908
SuperDomain,hcbiwp10,SAP HostAgent Process,SAP HostAgent SMDA97,SAP OsCol|Memory,FreeSwap (KB),?,1440,2013-06-27 01:48:00.0,2013-06-27 01:48:00.0,2013-06-27 02:12:00.0,190,1025,59804434,58236028,61199568,59804434
SuperDomain,hcbiwp11,SAP HostAgent Process,SAP HostAgent SMDA98,SAP OsCol|Memory,FreeSwap (KB),?,1440,2013-06-27 01:48:00.0,2013-06-27 01:48:00.0,2013-06-27 02:12:00.0,190,1025,59631924,58795600,60042992,59631924
SuperDomain,hcbiwp00,SAP HostAgent Process,SAP HostAgent SMDA98,SAP OsCol|Memory,FreeSwap (KB),?,1440,2013-06-27 01:48:00.0,2013-06-27 01:48:00.0,2013-06-27 02:12:00.0,190,1025,61785252,60594016,61980176,61785252
SuperDomain,hcbiwp12,SAP HostAgent Process,SAP HostAgent SMDA98,SAP OsCol|Memory,FreeSwap (KB),?,1440,2013-06-27 01:48:00.0,2013-06-27 01:48:00.0,2013-06-27 02:12:00.0,190,1025,60501993,58703240,62356988,60501993
SuperDomain,hcbiwp13,SAP HostAgent Process,SAP HostAgent SMDA98,SAP OsCol|Memory,FreeSwap (KB),?,1440,2013-06-27 01:48:00.0,2013-06-27 01:48:00.0,2013-06-27 02:12:00.0,192,1025,61280503,60029280,62018624,61280503
SuperDomain,hcbiwp01,SAP HostAgent Process,SAP HostAgent SMDA97,SAP OsCol|Memory,FreeSwap (KB),?,1440,2013-06-27 02:12:00.0,2013-06-27 02:12:00.0,2013-06-27 02:36:00.0,56,1025,114541229,114483100,114610472,114541229
SuperDomain,hcbiwp10,SAP HostAgent Process,SAP HostAgent SMDA97,SAP OsCol|Memory,FreeSwap (KB),?,1440,2013-06-27 02:12:00.0,2013-06-27 02:12:00.0,2013-06-27 02:36:00.0,191,1025,59009787,56245776,61177960,59009787
SuperDomain,hcbiwp11,SAP HostAgent Process,SAP HostAgent SMDA98,SAP OsCol|Memory,FreeSwap (KB),?,1440,2013-06-27 02:12:00.0,2013-06-27 02:12:00.0,2013-06-27 02:36:00.0,188,1025,57115470,55260468,59547772,57115470
SuperDomain,hcbiwp00,SAP HostAgent Process,SAP HostAgent SMDA98,SAP OsCol|Memory,FreeSwap (KB),?,1440,2013-06-27 02:12:00.0,2013-06-27 02:12:00.0,2013-06-27 02:36:00.0,189,1025,61750614,61175252,62008380,61750614
SuperDomain,hcbiwp12,SAP HostAgent Process,SAP HostAgent SMDA98,SAP OsCol|Memory,FreeSwap (KB),?,1440,2013-06-27 02:12:00.0,2013-06-27 02:12:00.0,2013-06-27 02:36:00.0,190,1025,60479283,58780912,62565592,60479283
SuperDomain,hcbiwp13,SAP HostAgent Process,SAP HostAgent SMDA98,SAP OsCol|Memory,FreeSwap (KB),?,1440,2013-06-27 02:12:00.0,2013-06-27 02:12:00.0,2013-06-27 02:36:00.0,190,1025,59771577,57186092,61317800,59771577
SuperDomain,hcbiwp10,SAP HostAgent Process,SAP HostAgent SMDA97,SAP OsCol|Memory,FreeSwap (KB),?,1440,2013-06-27 02:36:00.0,2013-06-27 02:36:00.0,2013-06-27 03:00:00.0,190,1025,57624958,56164360,59369980,57624958
SuperDomain,hcbiwp11,SAP HostAgent Process,SAP HostAgent SMDA98,SAP OsCol|Memory,FreeSwap (KB),?,1440,2013-06-27 02:36:00.0,2013-06-27 02:36:00.0,2013-06-27 03:00:00.0,190,1025,56002813,54414452,58392244,56002813
SuperDomain,hcbiwp00,SAP HostAgent Process,SAP HostAgent SMDA98,SAP OsCol|Memory,FreeSwap (KB),?,1440,2013-06-27 02:36:00.0,2013-06-27 02:36:00.0,2013-06-27 03:00:00.0,191,1025,60925067,59256060,61223188,60925067
SuperDomain,hcbiwp12,SAP HostAgent Process,SAP HostAgent SMDA98,SAP OsCol|Memory,FreeSwap (KB),?,1440,2013-06-27 02:36:00.0,2013-06-27 02:36:00.0,2013-06-27 03:00:00.0,189,1025,59883371,58647468,60983272,59883371
SuperDomain,hcbiwp13,SAP HostAgent Process,SAP HostAgent SMDA98,SAP OsCol|Memory,FreeSwap (KB),?,1440,2013-06-27 02:36:00.0,2013-06-27 02:36:00.0,2013-06-27 03:00:00.0,190,1025,58314749,57101596,59340952,58314749
SuperDomain,hcbiwp10,SAP HostAgent Process,SAP HostAgent SMDA97,SAP OsCol|Memory,FreeSwap (KB),?,1440,2013-06-27 03:00:00.0,2013-06-27 03:00:00.0,2013-06-27 03:24:00.0,188,1025,54862173,50705224,59369980,54862173
SuperDomain,hcbiwp11,SAP HostAgent Process,SAP HostAgent SMDA98,SAP OsCol|Memory,FreeSwap (KB),?,1440,2013-06-27 03:00:00.0,2013-06-27 03:00:00.0,2013-06-27 03:24:00.0,189,1025,50023857,44575156,57471128,50023857
SuperDomain,hcbiwp00,SAP HostAgent Process,SAP HostAgent SMDA98,SAP OsCol|Memory,FreeSwap (KB),?,1440,2013-06-27 03:00:00.0,2013-06-27 03:00:00.0,2013-06-27 03:24:00.0,190,1025,62030650,61126152,62140104,62030650
SuperDomain,hcbiwp12,SAP HostAgent Process,SAP HostAgent SMDA98,SAP OsCol|Memory,FreeSwap (KB),?,1440,2013-06-27 03:00:00.0,2013-06-27 03:00:00.0,2013-06-27 03:24:00.0,190,1025,55605332,52149344,59884284,55605332
SuperDomain,hcbiwp13,SAP HostAgent Process,SAP HostAgent SMDA98,SAP OsCol|Memory,FreeSwap (KB),?,1440,2013-06-27 03:00:00.0,2013-06-27 03:00:00.0,2013-06-27 03:24:00.0,185,1025,50001987,41638792,59197292,50001987
SuperDomain,hcbiwp10,SAP HostAgent Process,SAP HostAgent SMDA97,SAP OsCol|Memory,FreeSwap (KB),?,1440,2013-06-27 03:24:00.0,2013-06-27 03:24:00.0,2013-06-27 03:48:00.0,190,1025,50534987,48306264,51865336,50534987
SuperDomain,hcbiwp11,SAP HostAgent Process,SAP HostAgent SMDA98,SAP OsCol|Memory,FreeSwap (KB),?,1440,2013-06-27 03:24:00.0,2013-06-27 03:24:00.0,2013-06-27 03:48:00.0,163,1025,27031682,22550648,48018820,27031682
SuperDomain,hcbiwp00,SAP HostAgent Process,SAP HostAgent SMDA98,SAP OsCol|Memory,FreeSwap (KB),?,1440,2013-06-27 03:24:00.0,2013-06-27 03:24:00.0,2013-06-27 03:48:00.0,189,1025,62005621,61433764,62142232,62005621
SuperDomain,hcbiwp12,SAP HostAgent Process,SAP HostAgent SMDA98,SAP OsCol|Memory,FreeSwap (KB),?,1440,2013-06-27 03:24:00.0,2013-06-27 03:24:00.0,2013-06-27 03:48:00.0,190,1025,51214808,47654656,54247624,51214808
SuperDomain,hcbiwp13,SAP HostAgent Process,SAP HostAgent SMDA98,SAP OsCol|Memory,FreeSwap (KB),?,1440,2013-06-27 03:24:00.0,2013-06-27 03:24:00.0,2013-06-27 03:48:00.0,190,1025,38137037,35362532,42792960,38137037
SuperDomain,hcbiwp10,SAP HostAgent Process,SAP HostAgent SMDA97,SAP OsCol|Memory,FreeSwap (KB),?,1440,2013-06-27 03:48:00.0,2013-06-27 03:48:00.0,2013-06-27 04:12:00.0,190,1025,55401621,48656468,57612692,55401621
SuperDomain,hcbiwp11,SAP HostAgent Process,SAP HostAgent SMDA98,SAP OsCol|Memory,FreeSwap (KB),?,1440,2013-06-27 03:48:00.0,2013-06-27 03:48:00.0,2013-06-27 04:12:00.0,189,1025,34286179,23134172,40534932,34286179
SuperDomain,hcbiwp00,SAP HostAgent Process,SAP HostAgent SMDA98,SAP OsCol|Memory,FreeSwap (KB),?,1440,2013-06-27 03:48:00.0,2013-06-27 03:48:00.0,2013-06-27 04:12:00.0,191,1025,61927333,61852024,62058788,61927333
SuperDomain,hcbiwp12,SAP HostAgent Process,SAP HostAgent SMDA98,SAP OsCol|Memory,FreeSwap (KB),?,1440,2013-06-27 03:48:00.0,2013-06-27 03:48:00.0,2013-06-27 04:12:00.0,189,1025,54884233,50059972,56281488,54884233
SuperDomain,hcbiwp13,SAP HostAgent Process,SAP HostAgent SMDA98,SAP OsCol|Memory,FreeSwap (KB),?,1440,2013-06-27 03:48:00.0,2013-06-27 03:48:00.0,2013-06-27 04:12:00.0,190,1025,54479030,35502256,56706332,54479030
SuperDomain,hcbiwp10,SAP HostAgent Process,SAP HostAgent SMDA97,SAP OsCol|Memory,FreeSwap (KB),?,1440,2013-06-27 04:12:00.0,2013-06-27 04:12:00.0,2013-06-27 04:36:00.0,191,1025,53474815,52396284,55141732,53474815
SuperDomain,hcbiwp11,SAP HostAgent Process,SAP HostAgent SMDA98,SAP OsCol|Memory,FreeSwap (KB),?,1440,2013-06-27 04:12:00.0,2013-06-27 04:12:00.0,2013-06-27 04:36:00.0,191,1025,36092100,31272620,40568772,36092100
SuperDomain,hcbiwp00,SAP HostAgent Process,SAP HostAgent SMDA98,SAP OsCol|Memory,FreeSwap (KB),?,1440,2013-06-27 04:12:00.0,2013-06-27 04:12:00.0,2013-06-27 04:36:00.0,190,1025,61889508,61722628,62028796,61889508
SuperDomain,hcbiwp12,SAP HostAgent Process,SAP HostAgent SMDA98,SAP OsCol|Memory,FreeSwap (KB),?,1440,2013-06-27 04:12:00.0,2013-06-27 04:12:00.0,2013-06-27 04:36:00.0,189,1025,54763675,53856904,56322692,54763675
SuperDomain,hcbiwp13,SAP HostAgent Process,SAP HostAgent SMDA98,SAP OsCol|Memory,FreeSwap (KB),?,1440,2013-06-27 04:12:00.0,2013-06-27 04:12:00.0,2013-06-27 04:36:00.0,191,1025,55310961,54345204,56209436,55310961
SuperDomain,hcbiwp10,SAP HostAgent Process,SAP HostAgent SMDA97,SAP OsCol|Memory,FreeSwap (KB),?,1440,2013-06-27 04:36:00.0,2013-06-27 04:36:00.0,2013-06-27 05:00:00.0,189,1025,52281291,50517772,55099900,52281291
SuperDomain,hcbiwp11,SAP HostAgent Process,SAP HostAgent SMDA98,SAP OsCol|Memory,FreeSwap (KB),?,1440,2013-06-27 04:36:00.0,2013-06-27 04:36:00.0,2013-06-27 05:00:00.0,189,1025,36654717,33439820,39771604,36654717
SuperDomain,hcbiwp00,SAP HostAgent Process,SAP HostAgent SMDA98,SAP OsCol|Memory,FreeSwap (KB),?,1440,2013-06-27 04:36:00.0,2013-06-27 04:36:00.0,2013-06-27 05:00:00.0,189,1025,60994091,60205820,61722628,60994091
SuperDomain,hcbiwp12,SAP HostAgent Process,SAP HostAgent SMDA98,SAP OsCol|Memory,FreeSwap (KB),?,1440,2013-06-27 04:36:00.0,2013-06-27 04:36:00.0,2013-06-27 05:00:00.0,191,1025,51567291,47139028,55856884,51567291
SuperDomain,hcbiwp13,SAP HostAgent Process,SAP HostAgent SMDA98,SAP OsCol|Memory,FreeSwap (KB),?,1440,2013-06-27 04:36:00.0,2013-06-27 04:36:00.0,2013-06-27 05:00:00.0,188,1025,54803969,51979156,56071092,54803969
SuperDomain,hcbiwp10,SAP HostAgent Process,SAP HostAgent SMDA97,SAP OsCol|Memory,FreeSwap (KB),?,1440,2013-06-27 05:00:00.0,2013-06-27 05:00:00.0,2013-06-27 05:24:00.0,191,1025,59196453,55087192,61237684,59196453
SuperDomain,hcbiwp11,SAP HostAgent Process,SAP HostAgent SMDA98,SAP OsCol|Memory,FreeSwap (KB),?,1440,2013-06-27 05:00:00.0,2013-06-27 05:00:00.0,2013-06-27 05:24:00.0,184,1025,28679794,26246768,37338228,28679794
SuperDomain,hcbiwp00,SAP HostAgent Process,SAP HostAgent SMDA98,SAP OsCol|Memory,FreeSwap (KB),?,1440,2013-06-27 05:00:00.0,2013-06-27 05:00:00.0,2013-06-27 05:24:00.0,190,1025,61296434,59605900,62019876,61296434
SuperDomain,hcbiwp12,SAP HostAgent Process,SAP HostAgent SMDA98,SAP OsCol|Memory,FreeSwap (KB),?,1440,2013-06-27 05:00:00.0,2013-06-27 05:00:00.0,2013-06-27 05:24:00.0,189,1025,59215808,55175464,62631748,59215808
SuperDomain,hcbiwp13,SAP HostAgent Process,SAP HostAgent SMDA98,SAP OsCol|Memory,FreeSwap (KB),?,1440,2013-06-27 05:00:00.0,2013-06-27 05:00:00.0,2013-06-27 05:24:00.0,191,1025,55389903,52577108,58361208,55389903
SuperDomain,hcbiwp10,SAP HostAgent Process,SAP HostAgent SMDA97,SAP OsCol|Memory,FreeSwap (KB),?,1440,2013-06-27 05:24:00.0,2013-06-27 05:24:00.0,2013-06-27 05:48:00.0,190,1025,60508298,59840312,60981120,60508298
SuperDomain,hcbiwp11,SAP HostAgent Process,SAP HostAgent SMDA98,SAP OsCol|Memory,FreeSwap (KB),?,1440,2013-06-27 05:24:00.0,2013-06-27 05:24:00.0,2013-06-27 05:48:00.0,188,1025,27920017,26359780,29290600,27920017
SuperDomain,hcbiwp00,SAP HostAgent Process,SAP HostAgent SMDA98,SAP OsCol|Memory,FreeSwap (KB),?,1440,2013-06-27 05:24:00.0,2013-06-27 05:24:00.0,2013-06-27 05:48:00.0,191,1025,61411933,61039088,61877684,61411933
SuperDomain,hcbiwp12,SAP HostAgent Process,SAP HostAgent SMDA98,SAP OsCol|Memory,FreeSwap (KB),?,1440,2013-06-27 05:24:00.0,2013-06-27 05:24:00.0,2013-06-27 05:48:00.0,191,1025,61711488,61206704,62240108,61711488
SuperDomain,hcbiwp13,SAP HostAgent Process,SAP HostAgent SMDA98,SAP OsCol|Memory,FreeSwap (KB),?,1440,2013-06-27 05:24:00.0,2013-06-27 05:24:00.0,2013-06-27 05:48:00.0,190,1025,56974525,55997312,57809708,56974525
SuperDomain,hcbiwp10,SAP HostAgent Process,SAP HostAgent SMDA97,SAP OsCol|Memory,FreeSwap (KB),?,1440,2013-06-27 05:48:00.0,2013-06-27 05:48:00.0,2013-06-27 06:12:00.0,190,1025,60248361,59482216,61039804,60248361
SuperDomain,hcbiwp11,SAP HostAgent Process,SAP HostAgent SMDA98,SAP OsCol|Memory,FreeSwap (KB),?,1440,2013-06-27 05:48:00.0,2013-06-27 05:48:00.0,2013-06-27 06:12:00.0,188,1025,26242393,26170024,26359780,26242393
SuperDomain,hcbiwp00,SAP HostAgent Process,SAP HostAgent SMDA98,SAP OsCol|Memory,FreeSwap (KB),?,1440,2013-06-27 05:48:00.0,2013-06-27 05:48:00.0,2013-06-27 06:12:00.0,189,1025,60511592,56854372,61206940,60511592
SuperDomain,hcbiwp12,SAP HostAgent Process,SAP HostAgent SMDA98,SAP OsCol|Memory,FreeSwap (KB),?,1440,2013-06-27 05:48:00.0,2013-06-27 05:48:00.0,2013-06-27 06:12:00.0,150,1025,59645546,37929196,62464504,59645546
SuperDomain,hcbiwp13,SAP HostAgent Process,SAP HostAgent SMDA98,SAP OsCol|Memory,FreeSwap (KB),?,1440,2013-06-27 05:48:00.0,2013-06-27 05:48:00.0,2013-06-27 06:12:00.0,189,1025,56039167,55340644,56804168,56039167
SuperDomain,hcbiwp10,SAP HostAgent Process,SAP HostAgent SMDA97,SAP OsCol|Memory,FreeSwap (KB),?,1440,2013-06-27 06:12:00.0,2013-06-27 06:12:00.0,2013-06-27 06:36:00.0,189,1025,60195886,59608436,60757444,60195886
SuperDomain,hcbiwp11,SAP HostAgent Process,SAP HostAgent SMDA98,SAP OsCol|Memory,FreeSwap (KB),?,1440,2013-06-27 06:12:00.0,2013-06-27 06:12:00.0,2013-06-27 06:36:00.0,188,1025,27251859,26127480,28993736,27251859
SuperDomain,hcbiwp00,SAP HostAgent Process,SAP HostAgent SMDA98,SAP OsCol|Memory,FreeSwap (KB),?,1440,2013-06-27 06:12:00.0,2013-06-27 06:12:00.0,2013-06-27 06:36:00.0,189,1025,54801172,54560592,56854372,54801172
SuperDomain,hcbiwp12,SAP HostAgent Process,SAP HostAgent SMDA98,SAP OsCol|Memory,FreeSwap (KB),?,1440,2013-06-27 06:12:00.0,2013-06-27 06:12:00.0,2013-06-27 06:36:00.0,175,1025,51729844,35170352,59599216,51729844
SuperDomain,hcbiwp13,SAP HostAgent Process,SAP HostAgent SMDA98,SAP OsCol|Memory,FreeSwap (KB),?,1440,2013-06-27 06:12:00.0,2013-06-27 06:12:00.0,2013-06-27 06:36:00.0,190,1025,55343684,53600700,56281844,55343684
SuperDomain,hcbiwp10,SAP HostAgent Process,SAP HostAgent SMDA97,SAP OsCol|Memory,FreeSwap (KB),?,1440,2013-06-27 06:36:00.0,2013-06-27 06:36:00.0,2013-06-27 07:00:00.0,191,1025,58494745,57510800,60274968,58494745
SuperDomain,hcbiwp11,SAP HostAgent Process,SAP HostAgent SMDA98,SAP OsCol|Memory,FreeSwap (KB),?,1440,2013-06-27 06:36:00.0,2013-06-27 06:36:00.0,2013-06-27 07:00:00.0,189,1025,31437828,28957944,37324276,31437828
SuperDomain,hcbiwp00,SAP HostAgent Process,SAP HostAgent SMDA98,SAP OsCol|Memory,FreeSwap (KB),?,1440,2013-06-27 06:36:00.0,2013-06-27 06:36:00.0,2013-06-27 07:00:00.0,191,1025,59691219,54617080,60905628,59691219
SuperDomain,hcbiwp12,SAP HostAgent Process,SAP HostAgent SMDA98,SAP OsCol|Memory,FreeSwap (KB),?,1440,2013-06-27 06:36:00.0,2013-06-27 06:36:00.0,2013-06-27 07:00:00.0,190,1025,55930766,54327520,56698244,55930766
SuperDomain,hcbiwp13,SAP HostAgent Process,SAP HostAgent SMDA98,SAP OsCol|Memory,FreeSwap (KB),?,1440,2013-06-27 06:36:00.0,2013-06-27 06:36:00.0,2013-06-27 07:00:00.0,188,1025,53577324,52977040,54588924,53577324
SuperDomain,hcbiwp10,SAP HostAgent Process,SAP HostAgent SMDA97,SAP OsCol|Memory,FreeSwap (KB),?,1440,2013-06-27 07:00:00.0,2013-06-27 07:00:00.0,2013-06-27 07:24:00.0,190,1025,59328772,58548152,60930012,59328772
SuperDomain,hcbiwp11,SAP HostAgent Process,SAP HostAgent SMDA98,SAP OsCol|Memory,FreeSwap (KB),?,1440,2013-06-27 07:00:00.0,2013-06-27 07:00:00.0,2013-06-27 07:24:00.0,187,1025,37667291,36756984,38646144,37667291
SuperDomain,hcbiwp00,SAP HostAgent Process,SAP HostAgent SMDA98,SAP OsCol|Memory,FreeSwap (KB),?,1440,2013-06-27 07:00:00.0,2013-06-27 07:00:00.0,2013-06-27 07:24:00.0,189,1025,62959177,60706280,66153112,62959177
SuperDomain,hcbiwp12,SAP HostAgent Process,SAP HostAgent SMDA98,SAP OsCol|Memory,FreeSwap (KB),?,1440,2013-06-27 07:00:00.0,2013-06-27 07:00:00.0,2013-06-27 07:24:00.0,189,1025,58700493,55641452,62008044,58700493
SuperDomain,hcbiwp13,SAP HostAgent Process,SAP HostAgent SMDA98,SAP OsCol|Memory,FreeSwap (KB),?,1440,2013-06-27 07:00:00.0,2013-06-27 07:00:00.0,2013-06-27 07:24:00.0,191,1025,54074998,51304560,55209804,54074998
SuperDomain,hcbiwp10,SAP HostAgent Process,SAP HostAgent SMDA97,SAP OsCol|Memory,FreeSwap (KB),?,1440,2013-06-27 07:24:00.0,2013-06-27 07:24:00.0,2013-06-27 07:48:00.0,189,1025,52778615,47919124,58724412,52778615
SuperDomain,hcbiwp11,SAP HostAgent Process,SAP HostAgent SMDA98,SAP OsCol|Memory,FreeSwap (KB),?,1440,2013-06-27 07:24:00.0,2013-06-27 07:24:00.0,2013-06-27 07:48:00.0,189,1025,38067812,37128868,38786560,38067812
SuperDomain,hcbiwp00,SAP HostAgent Process,SAP HostAgent SMDA98,SAP OsCol|Memory,FreeSwap (KB),?,1440,2013-06-27 07:24:00.0,2013-06-27 07:24:00.0,2013-06-27 07:48:00.0,190,1025,62346257,61862648,62644152,62346257
SuperDomain,hcbiwp12,SAP HostAgent Process,SAP HostAgent SMDA98,SAP OsCol|Memory,FreeSwap (KB),?,1440,2013-06-27 07:24:00.0,2013-06-27 07:24:00.0,2013-06-27 07:48:00.0,190,1025,50565730,49843520,55996148,50565730
SuperDomain,hcbiwp13,SAP HostAgent Process,SAP HostAgent SMDA98,SAP OsCol|Memory,FreeSwap (KB),?,1440,2013-06-27 07:24:00.0,2013-06-27 07:24:00.0,2013-06-27 07:48:00.0,187,1025,54329002,53476132,55043480,54329002
SuperDomain,hcbiwp10,SAP HostAgent Process,SAP HostAgent SMDA97,SAP OsCol|Memory,FreeSwap (KB),?,1440,2013-06-27 07:48:00.0,2013-06-27 07:48:00.0,2013-06-27 08:12:00.0,191,1025,57211255,50641912,59434968,57211255
SuperDomain,hcbiwp11,SAP HostAgent Process,SAP HostAgent SMDA98,SAP OsCol|Memory,FreeSwap (KB),?,1440,2013-06-27 07:48:00.0,2013-06-27 07:48:00.0,2013-06-27 08:12:00.0,190,1025,38577121,38264940,39189464,38577121
SuperDomain,hcbiwp00,SAP HostAgent Process,SAP HostAgent SMDA98,SAP OsCol|Memory,FreeSwap (KB),?,1440,2013-06-27 07:48:00.0,2013-06-27 07:48:00.0,2013-06-27 08:12:00.0,190,1025,62337870,62229360,62479012,62337870
SuperDomain,hcbiwp12,SAP HostAgent Process,SAP HostAgent SMDA98,SAP OsCol|Memory,FreeSwap (KB),?,1440,2013-06-27 07:48:00.0,2013-06-27 07:48:00.0,2013-06-27 08:12:00.0,190,1025,52533394,50085000,60732584,52533394
SuperDomain,hcbiwp13,SAP HostAgent Process,SAP HostAgent SMDA98,SAP OsCol|Memory,FreeSwap (KB),?,1440,2013-06-27 07:48:00.0,2013-06-27 07:48:00.0,2013-06-27 08:12:00.0,191,1025,54397962,53730012,56303400,54397962
SuperDomain,hcbiwp10,SAP HostAgent Process,SAP HostAgent SMDA97,SAP OsCol|Memory,FreeSwap (KB),?,1440,2013-06-27 08:12:00.0,2013-06-27 08:12:00.0,2013-06-27 08:36:00.0,190,1025,52698560,49229872,57521316,52698560
SuperDomain,hcbiwp11,SAP HostAgent Process,SAP HostAgent SMDA98,SAP OsCol|Memory,FreeSwap (KB),?,1440,2013-06-27 08:12:00.0,2013-06-27 08:12:00.0,2013-06-27 08:36:00.0,190,1025,37494581,35993764,38685680,37494581
SuperDomain,hcbiwp00,SAP HostAgent Process,SAP HostAgent SMDA98,SAP OsCol|Memory,FreeSwap (KB),?,1440,2013-06-27 08:12:00.0,2013-06-27 08:12:00.0,2013-06-27 08:36:00.0,190,1025,62255041,62164216,62311044,62255041
SuperDomain,hcbiwp12,SAP HostAgent Process,SAP HostAgent SMDA98,SAP OsCol|Memory,FreeSwap (KB),?,1440,2013-06-27 08:12:00.0,2013-06-27 08:12:00.0,2013-06-27 08:36:00.0,190,1025,58538774,56385916,59922172,58538774
SuperDomain,hcbiwp13,SAP HostAgent Process,SAP HostAgent SMDA98,SAP OsCol|Memory,FreeSwap (KB),?,1440,2013-06-27 08:12:00.0,2013-06-27 08:12:00.0,2013-06-27 08:36:00.0,189,1025,55668832,53654672,57140576,55668832
SuperDomain,hcbiwp10,SAP HostAgent Process,SAP HostAgent SMDA97,SAP OsCol|Memory,FreeSwap (KB),?,1440,2013-06-27 08:36:00.0,2013-06-27 08:36:00.0,2013-06-27 09:00:00.0,190,1025,55789992,55309316,56216296,55789992
SuperDomain,hcbiwp11,SAP HostAgent Process,SAP HostAgent SMDA98,SAP OsCol|Memory,FreeSwap (KB),?,1440,2013-06-27 08:36:00.0,2013-06-27 08:36:00.0,2013-06-27 09:00:00.0,190,1025,36220215,35919088,37056680,36220215
SuperDomain,hcbiwp00,SAP HostAgent Process,SAP HostAgent SMDA98,SAP OsCol|Memory,FreeSwap (KB),?,1440,2013-06-27 08:36:00.0,2013-06-27 08:36:00.0,2013-06-27 09:00:00.0,189,1025,61518925,61025972,62202432,61518925
SuperDomain,hcbiwp12,SAP HostAgent Process,SAP HostAgent SMDA98,SAP OsCol|Memory,FreeSwap (KB),?,1440,2013-06-27 08:36:00.0,2013-06-27 08:36:00.0,2013-06-27 09:00:00.0,189,1025,55571396,54555752,56386880,55571396
SuperDomain,hcbiwp13,SAP HostAgent Process,SAP HostAgent SMDA98,SAP OsCol|Memory,FreeSwap (KB),?,1440,2013-06-27 08:36:00.0,2013-06-27 08:36:00.0,2013-06-27 09:00:00.0,189,1025,54100634,53258144,54674880,54100634
SuperDomain,hcbiwp10,SAP HostAgent Process,SAP HostAgent SMDA97,SAP OsCol|Memory,FreeSwap (KB),?,1440,2013-06-27 09:00:00.0,2013-06-27 09:00:00.0,2013-06-27 09:24:00.0,189,1025,56518632,55353228,57631468,56518632
SuperDomain,hcbiwp11,SAP HostAgent Process,SAP HostAgent SMDA98,SAP OsCol|Memory,FreeSwap (KB),?,1440,2013-06-27 09:00:00.0,2013-06-27 09:00:00.0,2013-06-27 09:24:00.0,189,1025,37619822,36607640,38496912,37619822
SuperDomain,hcbiwp00,SAP HostAgent Process,SAP HostAgent SMDA98,SAP OsCol|Memory,FreeSwap (KB),?,1440,2013-06-27 09:00:00.0,2013-06-27 09:00:00.0,2013-06-27 09:24:00.0,191,1025,61019416,60794384,61336076,61019416
SuperDomain,hcbiwp12,SAP HostAgent Process,SAP HostAgent SMDA98,SAP OsCol|Memory,FreeSwap (KB),?,1440,2013-06-27 09:00:00.0,2013-06-27 09:00:00.0,2013-06-27 09:24:00.0,191,1025,56227212,55620820,56998780,56227212
SuperDomain,hcbiwp13,SAP HostAgent Process,SAP HostAgent SMDA98,SAP OsCol|Memory,FreeSwap (KB),?,1440,2013-06-27 09:00:00.0,2013-06-27 09:00:00.0,2013-06-27 09:24:00.0,190,1025,54212496,52501156,56167616,54212496
SuperDomain,hcbiwp10,SAP HostAgent Process,SAP HostAgent SMDA97,SAP OsCol|Memory,FreeSwap (KB),?,1440,2013-06-27 09:24:00.0,2013-06-27 09:24:00.0,2013-06-27 09:48:00.0,190,1025,54786950,53175236,55679580,54786950
SuperDomain,hcbiwp11,SAP HostAgent Process,SAP HostAgent SMDA98,SAP OsCol|Memory,FreeSwap (KB),?,1440,2013-06-27 09:24:00.0,2013-06-27 09:24:00.0,2013-06-27 09:48:00.0,189,1025,34618729,32804616,36773488,34618729
SuperDomain,hcbiwp00,SAP HostAgent Process,SAP HostAgent SMDA98,SAP OsCol|Memory,FreeSwap (KB),?,1440,2013-06-27 09:24:00.0,2013-06-27 09:24:00.0,2013-06-27 09:48:00.0,189,1025,59294018,54427740,60862472,59294018
SuperDomain,hcbiwp12,SAP HostAgent Process,SAP HostAgent SMDA98,SAP OsCol|Memory,FreeSwap (KB),?,1440,2013-06-27 09:24:00.0,2013-06-27 09:24:00.0,2013-06-27 09:48:00.0,191,1025,53787077,52763920,56017892,53787077
SuperDomain,hcbiwp13,SAP HostAgent Process,SAP HostAgent SMDA98,SAP OsCol|Memory,FreeSwap (KB),?,1440,2013-06-27 09:24:00.0,2013-06-27 09:24:00.0,2013-06-27 09:48:00.0,190,1025,54371388,53727856,55500992,54371388
SuperDomain,hcbiwp10,SAP HostAgent Process,SAP HostAgent SMDA97,SAP OsCol|Memory,FreeSwap (KB),?,1440,2013-06-27 09:48:00.0,2013-06-27 09:48:00.0,2013-06-27 10:12:00.0,189,1025,53958020,52794856,58306080,53958020
SuperDomain,hcbiwp11,SAP HostAgent Process,SAP HostAgent SMDA98,SAP OsCol|Memory,FreeSwap (KB),?,1440,2013-06-27 09:48:00.0,2013-06-27 09:48:00.0,2013-06-27 10:12:00.0,191,1025,33370821,32609600,38891572,33370821
SuperDomain,hcbiwp00,SAP HostAgent Process,SAP HostAgent SMDA98,SAP OsCol|Memory,FreeSwap (KB),?,1440,2013-06-27 09:48:00.0,2013-06-27 09:48:00.0,2013-06-27 10:12:00.0,189,1025,57887081,54156236,61676920,57887081
SuperDomain,hcbiwp12,SAP HostAgent Process,SAP HostAgent SMDA98,SAP OsCol|Memory,FreeSwap (KB),?,1440,2013-06-27 09:48:00.0,2013-06-27 09:48:00.0,2013-06-27 10:12:00.0,190,1025,52978084,50693548,55408132,52978084
SuperDomain,hcbiwp13,SAP HostAgent Process,SAP HostAgent SMDA98,SAP OsCol|Memory,FreeSwap (KB),?,1440,2013-06-27 09:48:00.0,2013-06-27 09:48:00.0,2013-06-27 10:12:00.0,190,1025,54139068,53114080,57645612,54139068
SuperDomain,hcbiwp10,SAP HostAgent Process,SAP HostAgent SMDA97,SAP OsCol|Memory,FreeSwap (KB),?,1440,2013-06-27 10:12:00.0,2013-06-27 10:12:00.0,2013-06-27 10:36:00.0,190,1025,58524993,58287356,58661116,58524993
SuperDomain,hcbiwp11,SAP HostAgent Process,SAP HostAgent SMDA98,SAP OsCol|Memory,FreeSwap (KB),?,1440,2013-06-27 10:12:00.0,2013-06-27 10:12:00.0,2013-06-27 10:36:00.0,189,1025,39106818,38891572,39230836,39106818
SuperDomain,hcbiwp00,SAP HostAgent Process,SAP HostAgent SMDA98,SAP OsCol|Memory,FreeSwap (KB),?,1440,2013-06-27 10:12:00.0,2013-06-27 10:12:00.0,2013-06-27 10:36:00.0,190,1025,60258919,58887216,61203624,60258919
SuperDomain,hcbiwp12,SAP HostAgent Process,SAP HostAgent SMDA98,SAP OsCol|Memory,FreeSwap (KB),?,1440,2013-06-27 10:12:00.0,2013-06-27 10:12:00.0,2013-06-27 10:36:00.0,191,1025,50535374,47890512,58625312,50535374
SuperDomain,hcbiwp13,SAP HostAgent Process,SAP HostAgent SMDA98,SAP OsCol|Memory,FreeSwap (KB),?,1440,2013-06-27 10:12:00.0,2013-06-27 10:12:00.0,2013-06-27 10:36:00.0,189,1025,57567252,57403260,57645612,57567252
SuperDomain,hcbiwp10,SAP HostAgent Process,SAP HostAgent SMDA97,SAP OsCol|Memory,FreeSwap (KB),?,1440,2013-06-27 10:36:00.0,2013-06-27 10:36:00.0,2013-06-27 11:00:00.0,191,1025,58389010,58326980,58511900,58389010
SuperDomain,hcbiwp11,SAP HostAgent Process,SAP HostAgent SMDA98,SAP OsCol|Memory,FreeSwap (KB),?,1440,2013-06-27 10:36:00.0,2013-06-27 10:36:00.0,2013-06-27 11:00:00.0,189,1025,38966822,38944276,38996104,38966822
SuperDomain,hcbiwp00,SAP HostAgent Process,SAP HostAgent SMDA98,SAP OsCol|Memory,FreeSwap (KB),?,1440,2013-06-27 10:36:00.0,2013-06-27 10:36:00.0,2013-06-27 11:00:00.0,190,1025,60679116,59399516,61320160,60679116
SuperDomain,hcbiwp12,SAP HostAgent Process,SAP HostAgent SMDA98,SAP OsCol|Memory,FreeSwap (KB),?,1440,2013-06-27 10:36:00.0,2013-06-27 10:36:00.0,2013-06-27 11:00:00.0,190,1025,57222293,56058888,58625312,57222293
SuperDomain,hcbiwp13,SAP HostAgent Process,SAP HostAgent SMDA98,SAP OsCol|Memory,FreeSwap (KB),?,1440,2013-06-27 10:36:00.0,2013-06-27 10:36:00.0,2013-06-27 11:00:00.0,192,1025,57438045,57089764,57512728,57438045
